"LOCATION","Country","VARIABLE","Variable","FREQUENCY","Frequency","TIME","Time","Unit Code","Unit","PowerCode Code","PowerCode","Reference Period Code","Reference Period","Value","Flag Codes","Flags"
"AUT","Austria","PGDP","Gross domestic product, market prices, deflator","A","Annual","1995","1995","IDX","Index","0","Units","2015","2015",0.731783715214534,,
"AUT","Austria","PGDP","Gross domestic product, market prices, deflator","A","Annual","1996","1996","IDX","Index","0","Units","2015","2015",0.738982995498946,,
"AUT","Austria","PGDP","Gross domestic product, market prices, deflator","A","Annual","1997","1997","IDX","Index","0","Units","2015","2015",0.748356386190575,,
"AUT","Austria","PGDP","Gross domestic product, market prices, deflator","A","Annual","1998","1998","IDX","Index","0","Units","2015","2015",0.751708331927556,,
"AUT","Austria","PGDP","Gross domestic product, market prices, deflator","A","Annual","1999","1999","IDX","Index","0","Units","2015","2015",0.753705947501664,,
"AUT","Austria","PGDP","Gross domestic product, market prices, deflator","A","Annual","2000","2000","IDX","Index","0","Units","2015","2015",0.763833072585593,,
"AUT","Austria","PGDP","Gross domestic product, market prices, deflator","A","Annual","2001","2001","IDX","Index","0","Units","2015","2015",0.77851224459515,,
"AUT","Austria","PGDP","Gross domestic product, market prices, deflator","A","Annual","2002","2002","IDX","Index","0","Units","2015","2015",0.787436982722165,,
"AUT","Austria","PGDP","Gross domestic product, market prices, deflator","A","Annual","2003","2003","IDX","Index","0","Units","2015","2015",0.797689481777106,,
"AUT","Austria","PGDP","Gross domestic product, market prices, deflator","A","Annual","2004","2004","IDX","Index","0","Units","2015","2015",0.811225992108188,,
"AUT","Austria","PGDP","Gross domestic product, market prices, deflator","A","Annual","2005","2005","IDX","Index","0","Units","2015","2015",0.831759224257806,,
"AUT","Austria","PGDP","Gross domestic product, market prices, deflator","A","Annual","2006","2006","IDX","Index","0","Units","2015","2015",0.847289435602804,,
"AUT","Austria","PGDP","Gross domestic product, market prices, deflator","A","Annual","2007","2007","IDX","Index","0","Units","2015","2015",0.865735915725598,,
"AUT","Austria","PGDP","Gross domestic product, market prices, deflator","A","Annual","2008","2008","IDX","Index","0","Units","2015","2015",0.88237496932392,,
"AUT","Austria","PGDP","Gross domestic product, market prices, deflator","A","Annual","2009","2009","IDX","Index","0","Units","2015","2015",0.898979866682314,,
"AUT","Austria","PGDP","Gross domestic product, market prices, deflator","A","Annual","2010","2010","IDX","Index","0","Units","2015","2015",0.906798724494688,,
"AUT","Austria","PGDP","Gross domestic product, market prices, deflator","A","Annual","2011","2011","IDX","Index","0","Units","2015","2015",0.923349998258262,,
"AUT","Austria","PGDP","Gross domestic product, market prices, deflator","A","Annual","2012","2012","IDX","Index","0","Units","2015","2015",0.942039888491512,,
"AUT","Austria","PGDP","Gross domestic product, market prices, deflator","A","Annual","2013","2013","IDX","Index","0","Units","2015","2015",0.957211547108276,,
"AUT","Austria","PGDP","Gross domestic product, market prices, deflator","A","Annual","2014","2014","IDX","Index","0","Units","2015","2015",0.977804875275861,,
"AUT","Austria","PGDP","Gross domestic product, market prices, deflator","A","Annual","2015","2015","IDX","Index","0","Units","2015","2015",1.0000000000029,,
"AUT","Austria","PGDP","Gross domestic product, market prices, deflator","A","Annual","2016","2016","IDX","Index","0","Units","2015","2015",1.01843912790239,,
"AUT","Austria","PGDP","Gross domestic product, market prices, deflator","A","Annual","2017","2017","IDX","Index","0","Units","2015","2015",1.02846252389683,,
"AUT","Austria","PGDP","Gross domestic product, market prices, deflator","A","Annual","2018","2018","IDX","Index","0","Units","2015","2015",1.0470877079929,,
"BEL","Belgium","PGDP","Gross domestic product, market prices, deflator","A","Annual","1995","1995","IDX","Index","0","Units","2015","2015",0.735363063110273,,
"BEL","Belgium","PGDP","Gross domestic product, market prices, deflator","A","Annual","1996","1996","IDX","Index","0","Units","2015","2015",0.73887212730376,,
"BEL","Belgium","PGDP","Gross domestic product, market prices, deflator","A","Annual","1997","1997","IDX","Index","0","Units","2015","2015",0.744467108279239,,
"BEL","Belgium","PGDP","Gross domestic product, market prices, deflator","A","Annual","1998","1998","IDX","Index","0","Units","2015","2015",0.757912330659508,,
"BEL","Belgium","PGDP","Gross domestic product, market prices, deflator","A","Annual","1999","1999","IDX","Index","0","Units","2015","2015",0.762444186419718,,
"BEL","Belgium","PGDP","Gross domestic product, market prices, deflator","A","Annual","2000","2000","IDX","Index","0","Units","2015","2015",0.777805080786569,,
"BEL","Belgium","PGDP","Gross domestic product, market prices, deflator","A","Annual","2001","2001","IDX","Index","0","Units","2015","2015",0.793233624218272,,
"BEL","Belgium","PGDP","Gross domestic product, market prices, deflator","A","Annual","2002","2002","IDX","Index","0","Units","2015","2015",0.806241554103894,,
"BEL","Belgium","PGDP","Gross domestic product, market prices, deflator","A","Annual","2003","2003","IDX","Index","0","Units","2015","2015",0.821154070786123,,
"BEL","Belgium","PGDP","Gross domestic product, market prices, deflator","A","Annual","2004","2004","IDX","Index","0","Units","2015","2015",0.836880332481828,,
"BEL","Belgium","PGDP","Gross domestic product, market prices, deflator","A","Annual","2005","2005","IDX","Index","0","Units","2015","2015",0.854311442254173,,
"BEL","Belgium","PGDP","Gross domestic product, market prices, deflator","A","Annual","2006","2006","IDX","Index","0","Units","2015","2015",0.873661952152699,,
"BEL","Belgium","PGDP","Gross domestic product, market prices, deflator","A","Annual","2007","2007","IDX","Index","0","Units","2015","2015",0.890535749458341,,
"BEL","Belgium","PGDP","Gross domestic product, market prices, deflator","A","Annual","2008","2008","IDX","Index","0","Units","2015","2015",0.907536464474713,,
"BEL","Belgium","PGDP","Gross domestic product, market prices, deflator","A","Annual","2009","2009","IDX","Index","0","Units","2015","2015",0.91237610204662,,
"BEL","Belgium","PGDP","Gross domestic product, market prices, deflator","A","Annual","2010","2010","IDX","Index","0","Units","2015","2015",0.9296384,,
"BEL","Belgium","PGDP","Gross domestic product, market prices, deflator","A","Annual","2011","2011","IDX","Index","0","Units","2015","2015",0.946438595828771,,
"BEL","Belgium","PGDP","Gross domestic product, market prices, deflator","A","Annual","2012","2012","IDX","Index","0","Units","2015","2015",0.964998338251941,,
"BEL","Belgium","PGDP","Gross domestic product, market prices, deflator","A","Annual","2013","2013","IDX","Index","0","Units","2015","2015",0.97726724358799,,
"BEL","Belgium","PGDP","Gross domestic product, market prices, deflator","A","Annual","2014","2014","IDX","Index","0","Units","2015","2015",0.986867173075133,,
"BEL","Belgium","PGDP","Gross domestic product, market prices, deflator","A","Annual","2015","2015","IDX","Index","0","Units","2015","2015",0.999997600203503,,
"BEL","Belgium","PGDP","Gross domestic product, market prices, deflator","A","Annual","2016","2016","IDX","Index","0","Units","2015","2015",1.01920470164463,,
"BEL","Belgium","PGDP","Gross domestic product, market prices, deflator","A","Annual","2017","2017","IDX","Index","0","Units","2015","2015",1.0378625697855,,
"BEL","Belgium","PGDP","Gross domestic product, market prices, deflator","A","Annual","2018","2018","IDX","Index","0","Units","2015","2015",1.05394464642855,,
"CZE","Czech Republic","PGDP","Gross domestic product, market prices, deflator","A","Annual","1995","1995","IDX","Index","0","Units","2015","2015",0.559469916256029,,
"CZE","Czech Republic","PGDP","Gross domestic product, market prices, deflator","A","Annual","1996","1996","IDX","Index","0","Units","2015","2015",0.615485277933806,,
"CZE","Czech Republic","PGDP","Gross domestic product, market prices, deflator","A","Annual","1997","1997","IDX","Index","0","Units","2015","2015",0.666625925396753,,
"CZE","Czech Republic","PGDP","Gross domestic product, market prices, deflator","A","Annual","1998","1998","IDX","Index","0","Units","2015","2015",0.731981656001789,,
"CZE","Czech Republic","PGDP","Gross domestic product, market prices, deflator","A","Annual","1999","1999","IDX","Index","0","Units","2015","2015",0.754254936464537,,
"CZE","Czech Republic","PGDP","Gross domestic product, market prices, deflator","A","Annual","2000","2000","IDX","Index","0","Units","2015","2015",0.768159465856048,,
"CZE","Czech Republic","PGDP","Gross domestic product, market prices, deflator","A","Annual","2001","2001","IDX","Index","0","Units","2015","2015",0.805728486168743,,
"CZE","Czech Republic","PGDP","Gross domestic product, market prices, deflator","A","Annual","2002","2002","IDX","Index","0","Units","2015","2015",0.827700921191969,,
"CZE","Czech Republic","PGDP","Gross domestic product, market prices, deflator","A","Annual","2003","2003","IDX","Index","0","Units","2015","2015",0.838391639299853,,
"CZE","Czech Republic","PGDP","Gross domestic product, market prices, deflator","A","Annual","2004","2004","IDX","Index","0","Units","2015","2015",0.872315479708635,,
"CZE","Czech Republic","PGDP","Gross domestic product, market prices, deflator","A","Annual","2005","2005","IDX","Index","0","Units","2015","2015",0.873175231751121,,
"CZE","Czech Republic","PGDP","Gross domestic product, market prices, deflator","A","Annual","2006","2006","IDX","Index","0","Units","2015","2015",0.878856525892608,,
"CZE","Czech Republic","PGDP","Gross domestic product, market prices, deflator","A","Annual","2007","2007","IDX","Index","0","Units","2015","2015",0.909980290321235,,
"CZE","Czech Republic","PGDP","Gross domestic product, market prices, deflator","A","Annual","2008","2008","IDX","Index","0","Units","2015","2015",0.928388442280476,,
"CZE","Czech Republic","PGDP","Gross domestic product, market prices, deflator","A","Annual","2009","2009","IDX","Index","0","Units","2015","2015",0.952405338187106,,
"CZE","Czech Republic","PGDP","Gross domestic product, market prices, deflator","A","Annual","2010","2010","IDX","Index","0","Units","2015","2015",0.938850613235513,,
"CZE","Czech Republic","PGDP","Gross domestic product, market prices, deflator","A","Annual","2011","2011","IDX","Index","0","Units","2015","2015",0.938700614562004,,
"CZE","Czech Republic","PGDP","Gross domestic product, market prices, deflator","A","Annual","2012","2012","IDX","Index","0","Units","2015","2015",0.952298295753688,,
"CZE","Czech Republic","PGDP","Gross domestic product, market prices, deflator","A","Annual","2013","2013","IDX","Index","0","Units","2015","2015",0.965293803705145,,
"CZE","Czech Republic","PGDP","Gross domestic product, market prices, deflator","A","Annual","2014","2014","IDX","Index","0","Units","2015","2015",0.990166347979279,,
"CZE","Czech Republic","PGDP","Gross domestic product, market prices, deflator","A","Annual","2015","2015","IDX","Index","0","Units","2015","2015",1.00000064831853,,
"CZE","Czech Republic","PGDP","Gross domestic product, market prices, deflator","A","Annual","2016","2016","IDX","Index","0","Units","2015","2015",1.01142043055162,,
"CZE","Czech Republic","PGDP","Gross domestic product, market prices, deflator","A","Annual","2017","2017","IDX","Index","0","Units","2015","2015",1.0245580641725,,
"CZE","Czech Republic","PGDP","Gross domestic product, market prices, deflator","A","Annual","2018","2018","IDX","Index","0","Units","2015","2015",1.0508463494553,,
"DNK","Denmark","PGDP","Gross domestic product, market prices, deflator","A","Annual","1995","1995","IDX","Index","0","Units","2010","2010",0.716878416209512,,
"DNK","Denmark","PGDP","Gross domestic product, market prices, deflator","A","Annual","1996","1996","IDX","Index","0","Units","2010","2010",0.731317611377817,,
"DNK","Denmark","PGDP","Gross domestic product, market prices, deflator","A","Annual","1997","1997","IDX","Index","0","Units","2010","2010",0.746045736813715,,
"DNK","Denmark","PGDP","Gross domestic product, market prices, deflator","A","Annual","1998","1998","IDX","Index","0","Units","2010","2010",0.755238197975329,,
"DNK","Denmark","PGDP","Gross domestic product, market prices, deflator","A","Annual","1999","1999","IDX","Index","0","Units","2010","2010",0.767962015125784,,
"DNK","Denmark","PGDP","Gross domestic product, market prices, deflator","A","Annual","2000","2000","IDX","Index","0","Units","2010","2010",0.791138927299083,,
"DNK","Denmark","PGDP","Gross domestic product, market prices, deflator","A","Annual","2001","2001","IDX","Index","0","Units","2010","2010",0.811063162483676,,
"DNK","Denmark","PGDP","Gross domestic product, market prices, deflator","A","Annual","2002","2002","IDX","Index","0","Units","2010","2010",0.830104015583178,,
"DNK","Denmark","PGDP","Gross domestic product, market prices, deflator","A","Annual","2003","2003","IDX","Index","0","Units","2010","2010",0.842404706040454,,
"DNK","Denmark","PGDP","Gross domestic product, market prices, deflator","A","Annual","2004","2004","IDX","Index","0","Units","2010","2010",0.860059184151435,,
"DNK","Denmark","PGDP","Gross domestic product, market prices, deflator","A","Annual","2005","2005","IDX","Index","0","Units","2010","2010",0.885056273063451,,
"DNK","Denmark","PGDP","Gross domestic product, market prices, deflator","A","Annual","2006","2006","IDX","Index","0","Units","2010","2010",0.903431601499422,,
"DNK","Denmark","PGDP","Gross domestic product, market prices, deflator","A","Annual","2007","2007","IDX","Index","0","Units","2010","2010",0.925405618110996,,
"DNK","Denmark","PGDP","Gross domestic product, market prices, deflator","A","Annual","2008","2008","IDX","Index","0","Units","2010","2010",0.963668270043458,,
"DNK","Denmark","PGDP","Gross domestic product, market prices, deflator","A","Annual","2009","2009","IDX","Index","0","Units","2010","2010",0.968766287159616,,
"DNK","Denmark","PGDP","Gross domestic product, market prices, deflator","A","Annual","2010","2010","IDX","Index","0","Units","2010","2010",1,,
"DNK","Denmark","PGDP","Gross domestic product, market prices, deflator","A","Annual","2011","2011","IDX","Index","0","Units","2010","2010",1.00638640116521,,
"DNK","Denmark","PGDP","Gross domestic product, market prices, deflator","A","Annual","2012","2012","IDX","Index","0","Units","2010","2010",1.0302899455453,,
"DNK","Denmark","PGDP","Gross domestic product, market prices, deflator","A","Annual","2013","2013","IDX","Index","0","Units","2010","2010",1.03944066361674,,
"DNK","Denmark","PGDP","Gross domestic product, market prices, deflator","A","Annual","2014","2014","IDX","Index","0","Units","2010","2010",1.05016892475692,,
"DNK","Denmark","PGDP","Gross domestic product, market prices, deflator","A","Annual","2015","2015","IDX","Index","0","Units","2010","2010",1.05471670349501,,
"DNK","Denmark","PGDP","Gross domestic product, market prices, deflator","A","Annual","2016","2016","IDX","Index","0","Units","2010","2010",1.05740203593487,,
"DNK","Denmark","PGDP","Gross domestic product, market prices, deflator","A","Annual","2017","2017","IDX","Index","0","Units","2010","2010",1.06992864719478,,
"DNK","Denmark","PGDP","Gross domestic product, market prices, deflator","A","Annual","2018","2018","IDX","Index","0","Units","2010","2010",1.07793010405995,,
"FIN","Finland","PGDP","Gross domestic product, market prices, deflator","A","Annual","1995","1995","IDX","Index","0","Units","2015","2015",0.715211553813775,,
"FIN","Finland","PGDP","Gross domestic product, market prices, deflator","A","Annual","1996","1996","IDX","Index","0","Units","2015","2015",0.714631738853459,,
"FIN","Finland","PGDP","Gross domestic product, market prices, deflator","A","Annual","1997","1997","IDX","Index","0","Units","2015","2015",0.729828883063507,,
"FIN","Finland","PGDP","Gross domestic product, market prices, deflator","A","Annual","1998","1998","IDX","Index","0","Units","2015","2015",0.752459292847908,,
"FIN","Finland","PGDP","Gross domestic product, market prices, deflator","A","Annual","1999","1999","IDX","Index","0","Units","2015","2015",0.759425805254875,,
"FIN","Finland","PGDP","Gross domestic product, market prices, deflator","A","Annual","2000","2000","IDX","Index","0","Units","2015","2015",0.771984021907639,,
"FIN","Finland","PGDP","Gross domestic product, market prices, deflator","A","Annual","2001","2001","IDX","Index","0","Units","2015","2015",0.797489991949447,,
"FIN","Finland","PGDP","Gross domestic product, market prices, deflator","A","Annual","2002","2002","IDX","Index","0","Units","2015","2015",0.805029059680777,,
"FIN","Finland","PGDP","Gross domestic product, market prices, deflator","A","Annual","2003","2003","IDX","Index","0","Units","2015","2015",0.806557743005358,,
"FIN","Finland","PGDP","Gross domestic product, market prices, deflator","A","Annual","2004","2004","IDX","Index","0","Units","2015","2015",0.811418057294728,,
"FIN","Finland","PGDP","Gross domestic product, market prices, deflator","A","Annual","2005","2005","IDX","Index","0","Units","2015","2015",0.818967532112327,,
"FIN","Finland","PGDP","Gross domestic product, market prices, deflator","A","Annual","2006","2006","IDX","Index","0","Units","2015","2015",0.826495150411343,,
"FIN","Finland","PGDP","Gross domestic product, market prices, deflator","A","Annual","2007","2007","IDX","Index","0","Units","2015","2015",0.849254124333796,,
"FIN","Finland","PGDP","Gross domestic product, market prices, deflator","A","Annual","2008","2008","IDX","Index","0","Units","2015","2015",0.875032093293515,,
"FIN","Finland","PGDP","Gross domestic product, market prices, deflator","A","Annual","2009","2009","IDX","Index","0","Units","2015","2015",0.890554333285967,,
"FIN","Finland","PGDP","Gross domestic product, market prices, deflator","A","Annual","2010","2010","IDX","Index","0","Units","2015","2015",0.893438691632278,,
"FIN","Finland","PGDP","Gross domestic product, market prices, deflator","A","Annual","2011","2011","IDX","Index","0","Units","2015","2015",0.916873891520683,,
"FIN","Finland","PGDP","Gross domestic product, market prices, deflator","A","Annual","2012","2012","IDX","Index","0","Units","2015","2015",0.944145963462171,,
"FIN","Finland","PGDP","Gross domestic product, market prices, deflator","A","Annual","2013","2013","IDX","Index","0","Units","2015","2015",0.968295491704224,,
"FIN","Finland","PGDP","Gross domestic product, market prices, deflator","A","Annual","2014","2014","IDX","Index","0","Units","2015","2015",0.984103805668786,,
"FIN","Finland","PGDP","Gross domestic product, market prices, deflator","A","Annual","2015","2015","IDX","Index","0","Units","2015","2015",1,,
"FIN","Finland","PGDP","Gross domestic product, market prices, deflator","A","Annual","2016","2016","IDX","Index","0","Units","2015","2015",1.00087425458293,,
"FIN","Finland","PGDP","Gross domestic product, market prices, deflator","A","Annual","2017","2017","IDX","Index","0","Units","2015","2015",1.00906054782426,,
"FIN","Finland","PGDP","Gross domestic product, market prices, deflator","A","Annual","2018","2018","IDX","Index","0","Units","2015","2015",1.02926951852325,,
"FRA","France","PGDP","Gross domestic product, market prices, deflator","A","Annual","1995","1995","IDX","Index","0","Units","2014","2014",0.771774755333818,,
"FRA","France","PGDP","Gross domestic product, market prices, deflator","A","Annual","1996","1996","IDX","Index","0","Units","2014","2014",0.782477255147922,,
"FRA","France","PGDP","Gross domestic product, market prices, deflator","A","Annual","1997","1997","IDX","Index","0","Units","2014","2014",0.789233771802982,,
"FRA","France","PGDP","Gross domestic product, market prices, deflator","A","Annual","1998","1998","IDX","Index","0","Units","2014","2014",0.796722619581072,,
"FRA","France","PGDP","Gross domestic product, market prices, deflator","A","Annual","1999","1999","IDX","Index","0","Units","2014","2014",0.798407550424775,,
"FRA","France","PGDP","Gross domestic product, market prices, deflator","A","Annual","2000","2000","IDX","Index","0","Units","2014","2014",0.81084007411436,,
"FRA","France","PGDP","Gross domestic product, market prices, deflator","A","Annual","2001","2001","IDX","Index","0","Units","2014","2014",0.827092531369863,,
"FRA","France","PGDP","Gross domestic product, market prices, deflator","A","Annual","2002","2002","IDX","Index","0","Units","2014","2014",0.844201658608148,,
"FRA","France","PGDP","Gross domestic product, market prices, deflator","A","Annual","2003","2003","IDX","Index","0","Units","2014","2014",0.859939357792971,,
"FRA","France","PGDP","Gross domestic product, market prices, deflator","A","Annual","2004","2004","IDX","Index","0","Units","2014","2014",0.87381588331984,,
"FRA","France","PGDP","Gross domestic product, market prices, deflator","A","Annual","2005","2005","IDX","Index","0","Units","2014","2014",0.890662898506009,,
"FRA","France","PGDP","Gross domestic product, market prices, deflator","A","Annual","2006","2006","IDX","Index","0","Units","2014","2014",0.909869553194648,,
"FRA","France","PGDP","Gross domestic product, market prices, deflator","A","Annual","2007","2007","IDX","Index","0","Units","2014","2014",0.933168970497016,,
"FRA","France","PGDP","Gross domestic product, market prices, deflator","A","Annual","2008","2008","IDX","Index","0","Units","2014","2014",0.955275673726581,,
"FRA","France","PGDP","Gross domestic product, market prices, deflator","A","Annual","2009","2009","IDX","Index","0","Units","2014","2014",0.95583386571886,,
"FRA","France","PGDP","Gross domestic product, market prices, deflator","A","Annual","2010","2010","IDX","Index","0","Units","2014","2014",0.966142953792948,,
"FRA","France","PGDP","Gross domestic product, market prices, deflator","A","Annual","2011","2011","IDX","Index","0","Units","2014","2014",0.975263254230606,,
"FRA","France","PGDP","Gross domestic product, market prices, deflator","A","Annual","2012","2012","IDX","Index","0","Units","2014","2014",0.986556679368166,,
"FRA","France","PGDP","Gross domestic product, market prices, deflator","A","Annual","2013","2013","IDX","Index","0","Units","2014","2014",0.994268986266873,,
"FRA","France","PGDP","Gross domestic product, market prices, deflator","A","Annual","2014","2014","IDX","Index","0","Units","2014","2014",0.999942388166604,,
"FRA","France","PGDP","Gross domestic product, market prices, deflator","A","Annual","2015","2015","IDX","Index","0","Units","2014","2014",1.01136102495903,,
"FRA","France","PGDP","Gross domestic product, market prices, deflator","A","Annual","2016","2016","IDX","Index","0","Units","2014","2014",1.0166480933567,,
"FRA","France","PGDP","Gross domestic product, market prices, deflator","A","Annual","2017","2017","IDX","Index","0","Units","2014","2014",1.02193725182151,,
"FRA","France","PGDP","Gross domestic product, market prices, deflator","A","Annual","2018","2018","IDX","Index","0","Units","2014","2014",1.03208930978419,,
"DEU","Germany","PGDP","Gross domestic product, market prices, deflator","A","Annual","1995","1995","IDX","Index","0","Units","2015","2015",0.813770721007765,,
"DEU","Germany","PGDP","Gross domestic product, market prices, deflator","A","Annual","1996","1996","IDX","Index","0","Units","2015","2015",0.818575434574716,,
"DEU","Germany","PGDP","Gross domestic product, market prices, deflator","A","Annual","1997","1997","IDX","Index","0","Units","2015","2015",0.820847659819212,,
"DEU","Germany","PGDP","Gross domestic product, market prices, deflator","A","Annual","1998","1998","IDX","Index","0","Units","2015","2015",0.826425132159332,,
"DEU","Germany","PGDP","Gross domestic product, market prices, deflator","A","Annual","1999","1999","IDX","Index","0","Units","2015","2015",0.829278116357129,,
"DEU","Germany","PGDP","Gross domestic product, market prices, deflator","A","Annual","2000","2000","IDX","Index","0","Units","2015","2015",0.825309026025098,,
"DEU","Germany","PGDP","Gross domestic product, market prices, deflator","A","Annual","2001","2001","IDX","Index","0","Units","2015","2015",0.836034090882887,,
"DEU","Germany","PGDP","Gross domestic product, market prices, deflator","A","Annual","2002","2002","IDX","Index","0","Units","2015","2015",0.847574733232397,,
"DEU","Germany","PGDP","Gross domestic product, market prices, deflator","A","Annual","2003","2003","IDX","Index","0","Units","2015","2015",0.858787932598044,,
"DEU","Germany","PGDP","Gross domestic product, market prices, deflator","A","Annual","2004","2004","IDX","Index","0","Units","2015","2015",0.868296003455905,,
"DEU","Germany","PGDP","Gross domestic product, market prices, deflator","A","Annual","2005","2005","IDX","Index","0","Units","2015","2015",0.871877799773195,,
"DEU","Germany","PGDP","Gross domestic product, market prices, deflator","A","Annual","2006","2006","IDX","Index","0","Units","2015","2015",0.875360949038215,,
"DEU","Germany","PGDP","Gross domestic product, market prices, deflator","A","Annual","2007","2007","IDX","Index","0","Units","2015","2015",0.89080873572824,,
"DEU","Germany","PGDP","Gross domestic product, market prices, deflator","A","Annual","2008","2008","IDX","Index","0","Units","2015","2015",0.898918997832764,,
"DEU","Germany","PGDP","Gross domestic product, market prices, deflator","A","Annual","2009","2009","IDX","Index","0","Units","2015","2015",0.915464676801056,,
"DEU","Germany","PGDP","Gross domestic product, market prices, deflator","A","Annual","2010","2010","IDX","Index","0","Units","2015","2015",0.921332981919469,,
"DEU","Germany","PGDP","Gross domestic product, market prices, deflator","A","Annual","2011","2011","IDX","Index","0","Units","2015","2015",0.931299731900886,,
"DEU","Germany","PGDP","Gross domestic product, market prices, deflator","A","Annual","2012","2012","IDX","Index","0","Units","2015","2015",0.9451699823462,,
"DEU","Germany","PGDP","Gross domestic product, market prices, deflator","A","Annual","2013","2013","IDX","Index","0","Units","2015","2015",0.963731481405428,,
"DEU","Germany","PGDP","Gross domestic product, market prices, deflator","A","Annual","2014","2014","IDX","Index","0","Units","2015","2015",0.981746963463791,,
"DEU","Germany","PGDP","Gross domestic product, market prices, deflator","A","Annual","2015","2015","IDX","Index","0","Units","2015","2015",0.999982139644169,,
"DEU","Germany","PGDP","Gross domestic product, market prices, deflator","A","Annual","2016","2016","IDX","Index","0","Units","2015","2015",1.01327788952599,,
"DEU","Germany","PGDP","Gross domestic product, market prices, deflator","A","Annual","2017","2017","IDX","Index","0","Units","2015","2015",1.02854678569991,,
"DEU","Germany","PGDP","Gross domestic product, market prices, deflator","A","Annual","2018","2018","IDX","Index","0","Units","2015","2015",1.04914911652373,,
"GRC","Greece","PGDP","Gross domestic product, market prices, deflator","A","Annual","1995","1995","IDX","Index","0","Units","2015","2015",0.689435044809744,,
"GRC","Greece","PGDP","Gross domestic product, market prices, deflator","A","Annual","1996","1996","IDX","Index","0","Units","2015","2015",0.735866951429203,,
"GRC","Greece","PGDP","Gross domestic product, market prices, deflator","A","Annual","1997","1997","IDX","Index","0","Units","2015","2015",0.77443693355488,,
"GRC","Greece","PGDP","Gross domestic product, market prices, deflator","A","Annual","1998","1998","IDX","Index","0","Units","2015","2015",0.761352836549949,,
"GRC","Greece","PGDP","Gross domestic product, market prices, deflator","A","Annual","1999","1999","IDX","Index","0","Units","2015","2015",0.800972877004148,,
"GRC","Greece","PGDP","Gross domestic product, market prices, deflator","A","Annual","2000","2000","IDX","Index","0","Units","2015","2015",0.787454135489081,,
"GRC","Greece","PGDP","Gross domestic product, market prices, deflator","A","Annual","2001","2001","IDX","Index","0","Units","2015","2015",0.804963899442056,,
"GRC","Greece","PGDP","Gross domestic product, market prices, deflator","A","Annual","2002","2002","IDX","Index","0","Units","2015","2015",0.831920849322598,,
"GRC","Greece","PGDP","Gross domestic product, market prices, deflator","A","Annual","2003","2003","IDX","Index","0","Units","2015","2015",0.860651412050233,,
"GRC","Greece","PGDP","Gross domestic product, market prices, deflator","A","Annual","2004","2004","IDX","Index","0","Units","2015","2015",0.887010409731501,,
"GRC","Greece","PGDP","Gross domestic product, market prices, deflator","A","Annual","2005","2005","IDX","Index","0","Units","2015","2015",0.906882239123024,,
"GRC","Greece","PGDP","Gross domestic product, market prices, deflator","A","Annual","2006","2006","IDX","Index","0","Units","2015","2015",0.93857840837468,,
"GRC","Greece","PGDP","Gross domestic product, market prices, deflator","A","Annual","2007","2007","IDX","Index","0","Units","2015","2015",0.970702622292805,,
"GRC","Greece","PGDP","Gross domestic product, market prices, deflator","A","Annual","2008","2008","IDX","Index","0","Units","2015","2015",1.01287575204823,,
"GRC","Greece","PGDP","Gross domestic product, market prices, deflator","A","Annual","2009","2009","IDX","Index","0","Units","2015","2015",1.03890408993733,,
"GRC","Greece","PGDP","Gross domestic product, market prices, deflator","A","Annual","2010","2010","IDX","Index","0","Units","2015","2015",1.03706905048241,,
"GRC","Greece","PGDP","Gross domestic product, market prices, deflator","A","Annual","2011","2011","IDX","Index","0","Units","2015","2015",1.04701489193728,,
"GRC","Greece","PGDP","Gross domestic product, market prices, deflator","A","Annual","2012","2012","IDX","Index","0","Units","2015","2015",1.04413417729938,,
"GRC","Greece","PGDP","Gross domestic product, market prices, deflator","A","Annual","2013","2013","IDX","Index","0","Units","2015","2015",1.02277535596977,,
"GRC","Greece","PGDP","Gross domestic product, market prices, deflator","A","Annual","2014","2014","IDX","Index","0","Units","2015","2015",1.00294597980708,,
"GRC","Greece","PGDP","Gross domestic product, market prices, deflator","A","Annual","2015","2015","IDX","Index","0","Units","2015","2015",1,,
"GRC","Greece","PGDP","Gross domestic product, market prices, deflator","A","Annual","2016","2016","IDX","Index","0","Units","2015","2015",0.994214561482677,,
"GRC","Greece","PGDP","Gross domestic product, market prices, deflator","A","Annual","2017","2017","IDX","Index","0","Units","2015","2015",0.997051736916414,,
"GRC","Greece","PGDP","Gross domestic product, market prices, deflator","A","Annual","2018","2018","IDX","Index","0","Units","2015","2015",0.995404317502343,,
"HUN","Hungary","PGDP","Gross domestic product, market prices, deflator","A","Annual","1995","1995","IDX","Index","0","Units","2015","2015",0.263549290701968,,
"HUN","Hungary","PGDP","Gross domestic product, market prices, deflator","A","Annual","1996","1996","IDX","Index","0","Units","2015","2015",0.321346390031849,,
"HUN","Hungary","PGDP","Gross domestic product, market prices, deflator","A","Annual","1997","1997","IDX","Index","0","Units","2015","2015",0.386453734853463,,
"HUN","Hungary","PGDP","Gross domestic product, market prices, deflator","A","Annual","1998","1998","IDX","Index","0","Units","2015","2015",0.439657743868524,,
"HUN","Hungary","PGDP","Gross domestic product, market prices, deflator","A","Annual","1999","1999","IDX","Index","0","Units","2015","2015",0.475359114776378,,
"HUN","Hungary","PGDP","Gross domestic product, market prices, deflator","A","Annual","2000","2000","IDX","Index","0","Units","2015","2015",0.520915064825211,,
"HUN","Hungary","PGDP","Gross domestic product, market prices, deflator","A","Annual","2001","2001","IDX","Index","0","Units","2015","2015",0.578458280790299,,
"HUN","Hungary","PGDP","Gross domestic product, market prices, deflator","A","Annual","2002","2002","IDX","Index","0","Units","2015","2015",0.625264266310074,,
"HUN","Hungary","PGDP","Gross domestic product, market prices, deflator","A","Annual","2003","2003","IDX","Index","0","Units","2015","2015",0.659237663242642,,
"HUN","Hungary","PGDP","Gross domestic product, market prices, deflator","A","Annual","2004","2004","IDX","Index","0","Units","2015","2015",0.692799918925242,,
"HUN","Hungary","PGDP","Gross domestic product, market prices, deflator","A","Annual","2005","2005","IDX","Index","0","Units","2015","2015",0.710999987192856,,
"HUN","Hungary","PGDP","Gross domestic product, market prices, deflator","A","Annual","2006","2006","IDX","Index","0","Units","2015","2015",0.736999027310827,,
"HUN","Hungary","PGDP","Gross domestic product, market prices, deflator","A","Annual","2007","2007","IDX","Index","0","Units","2015","2015",0.777118875447595,,
"HUN","Hungary","PGDP","Gross domestic product, market prices, deflator","A","Annual","2008","2008","IDX","Index","0","Units","2015","2015",0.814468286213531,,
"HUN","Hungary","PGDP","Gross domestic product, market prices, deflator","A","Annual","2009","2009","IDX","Index","0","Units","2015","2015",0.848668335302888,,
"HUN","Hungary","PGDP","Gross domestic product, market prices, deflator","A","Annual","2010","2010","IDX","Index","0","Units","2015","2015",0.87016145880674,,
"HUN","Hungary","PGDP","Gross domestic product, market prices, deflator","A","Annual","2011","2011","IDX","Index","0","Units","2015","2015",0.886944443011348,,
"HUN","Hungary","PGDP","Gross domestic product, market prices, deflator","A","Annual","2012","2012","IDX","Index","0","Units","2015","2015",0.912601631965364,,
"HUN","Hungary","PGDP","Gross domestic product, market prices, deflator","A","Annual","2013","2013","IDX","Index","0","Units","2015","2015",0.938341852025997,,
"HUN","Hungary","PGDP","Gross domestic product, market prices, deflator","A","Annual","2014","2014","IDX","Index","0","Units","2015","2015",0.972992246453471,,
"HUN","Hungary","PGDP","Gross domestic product, market prices, deflator","A","Annual","2015","2015","IDX","Index","0","Units","2015","2015",1,,
"HUN","Hungary","PGDP","Gross domestic product, market prices, deflator","A","Annual","2016","2016","IDX","Index","0","Units","2015","2015",1.01320471994833,,
"HUN","Hungary","PGDP","Gross domestic product, market prices, deflator","A","Annual","2017","2017","IDX","Index","0","Units","2015","2015",1.05403388172956,,
"HUN","Hungary","PGDP","Gross domestic product, market prices, deflator","A","Annual","2018","2018","IDX","Index","0","Units","2015","2015",1.10512738775223,,
"IRL","Ireland","PGDP","Gross domestic product, market prices, deflator","A","Annual","1995","1995","IDX","Index","0","Units","2020","2020",0.554999604300991,,
"IRL","Ireland","PGDP","Gross domestic product, market prices, deflator","A","Annual","1996","1996","IDX","Index","0","Units","2020","2020",0.568696145707754,,
"IRL","Ireland","PGDP","Gross domestic product, market prices, deflator","A","Annual","1997","1997","IDX","Index","0","Units","2020","2020",0.593152542677249,,
"IRL","Ireland","PGDP","Gross domestic product, market prices, deflator","A","Annual","1998","1998","IDX","Index","0","Units","2020","2020",0.634047751723271,,
"IRL","Ireland","PGDP","Gross domestic product, market prices, deflator","A","Annual","1999","1999","IDX","Index","0","Units","2020","2020",0.662961155918235,,
"IRL","Ireland","PGDP","Gross domestic product, market prices, deflator","A","Annual","2000","2000","IDX","Index","0","Units","2020","2020",0.714121513952192,,
"IRL","Ireland","PGDP","Gross domestic product, market prices, deflator","A","Annual","2001","2001","IDX","Index","0","Units","2020","2020",0.759312155707868,,
"IRL","Ireland","PGDP","Gross domestic product, market prices, deflator","A","Annual","2002","2002","IDX","Index","0","Units","2020","2020",0.800807369593064,,
"IRL","Ireland","PGDP","Gross domestic product, market prices, deflator","A","Annual","2003","2003","IDX","Index","0","Units","2020","2020",0.824859144209745,,
"IRL","Ireland","PGDP","Gross domestic product, market prices, deflator","A","Annual","2004","2004","IDX","Index","0","Units","2020","2020",0.834493865166781,,
"IRL","Ireland","PGDP","Gross domestic product, market prices, deflator","A","Annual","2005","2005","IDX","Index","0","Units","2020","2020",0.856422591859962,,
"IRL","Ireland","PGDP","Gross domestic product, market prices, deflator","A","Annual","2006","2006","IDX","Index","0","Units","2020","2020",0.884858312377099,,
"IRL","Ireland","PGDP","Gross domestic product, market prices, deflator","A","Annual","2007","2007","IDX","Index","0","Units","2020","2020",0.89405031098375,,
"IRL","Ireland","PGDP","Gross domestic product, market prices, deflator","A","Annual","2008","2008","IDX","Index","0","Units","2020","2020",0.888670283530536,,
"IRL","Ireland","PGDP","Gross domestic product, market prices, deflator","A","Annual","2009","2009","IDX","Index","0","Units","2020","2020",0.84976831272217,,
"IRL","Ireland","PGDP","Gross domestic product, market prices, deflator","A","Annual","2010","2010","IDX","Index","0","Units","2020","2020",0.828794737817325,,
"IRL","Ireland","PGDP","Gross domestic product, market prices, deflator","A","Annual","2011","2011","IDX","Index","0","Units","2020","2020",0.843181740026503,,
"IRL","Ireland","PGDP","Gross domestic product, market prices, deflator","A","Annual","2012","2012","IDX","Index","0","Units","2020","2020",0.863178235991109,,
"IRL","Ireland","PGDP","Gross domestic product, market prices, deflator","A","Annual","2013","2013","IDX","Index","0","Units","2020","2020",0.866341398632137,,
"IRL","Ireland","PGDP","Gross domestic product, market prices, deflator","A","Annual","2014","2014","IDX","Index","0","Units","2020","2020",0.87038007522499,,
"IRL","Ireland","PGDP","Gross domestic product, market prices, deflator","A","Annual","2015","2015","IDX","Index","0","Units","2020","2020",0.959058636891596,,
"IRL","Ireland","PGDP","Gross domestic product, market prices, deflator","A","Annual","2016","2016","IDX","Index","0","Units","2020","2020",0.960453152080932,,
"IRL","Ireland","PGDP","Gross domestic product, market prices, deflator","A","Annual","2017","2017","IDX","Index","0","Units","2020","2020",0.968523278612384,,
"IRL","Ireland","PGDP","Gross domestic product, market prices, deflator","A","Annual","2018","2018","IDX","Index","0","Units","2020","2020",0.976448484220273,,
"ITA","Italy","PGDP","Gross domestic product, market prices, deflator","A","Annual","1995","1995","IDX","Index","0","Units","2015","2015",0.65871449098039,,
"ITA","Italy","PGDP","Gross domestic product, market prices, deflator","A","Annual","1996","1996","IDX","Index","0","Units","2015","2015",0.688820632143832,,
"ITA","Italy","PGDP","Gross domestic product, market prices, deflator","A","Annual","1997","1997","IDX","Index","0","Units","2015","2015",0.706498558814326,,
"ITA","Italy","PGDP","Gross domestic product, market prices, deflator","A","Annual","1998","1998","IDX","Index","0","Units","2015","2015",0.723476494945762,,
"ITA","Italy","PGDP","Gross domestic product, market prices, deflator","A","Annual","1999","1999","IDX","Index","0","Units","2015","2015",0.734596267584351,,
"ITA","Italy","PGDP","Gross domestic product, market prices, deflator","A","Annual","2000","2000","IDX","Index","0","Units","2015","2015",0.747756723155457,,
"ITA","Italy","PGDP","Gross domestic product, market prices, deflator","A","Annual","2001","2001","IDX","Index","0","Units","2015","2015",0.770439062592152,,
"ITA","Italy","PGDP","Gross domestic product, market prices, deflator","A","Annual","2002","2002","IDX","Index","0","Units","2015","2015",0.795670040339412,,
"ITA","Italy","PGDP","Gross domestic product, market prices, deflator","A","Annual","2003","2003","IDX","Index","0","Units","2015","2015",0.820707906403777,,
"ITA","Italy","PGDP","Gross domestic product, market prices, deflator","A","Annual","2004","2004","IDX","Index","0","Units","2015","2015",0.842641832895062,,
"ITA","Italy","PGDP","Gross domestic product, market prices, deflator","A","Annual","2005","2005","IDX","Index","0","Units","2015","2015",0.85957902464726,,
"ITA","Italy","PGDP","Gross domestic product, market prices, deflator","A","Annual","2006","2006","IDX","Index","0","Units","2015","2015",0.877825428119122,,
"ITA","Italy","PGDP","Gross domestic product, market prices, deflator","A","Annual","2007","2007","IDX","Index","0","Units","2015","2015",0.899588028649671,,
"ITA","Italy","PGDP","Gross domestic product, market prices, deflator","A","Annual","2008","2008","IDX","Index","0","Units","2015","2015",0.921185933106339,,
"ITA","Italy","PGDP","Gross domestic product, market prices, deflator","A","Annual","2009","2009","IDX","Index","0","Units","2015","2015",0.936628149311671,,
"ITA","Italy","PGDP","Gross domestic product, market prices, deflator","A","Annual","2010","2010","IDX","Index","0","Units","2015","2015",0.940747460767869,,
"ITA","Italy","PGDP","Gross domestic product, market prices, deflator","A","Annual","2011","2011","IDX","Index","0","Units","2015","2015",0.955869988338771,,
"ITA","Italy","PGDP","Gross domestic product, market prices, deflator","A","Annual","2012","2012","IDX","Index","0","Units","2015","2015",0.970661815240691,,
"ITA","Italy","PGDP","Gross domestic product, market prices, deflator","A","Annual","2013","2013","IDX","Index","0","Units","2015","2015",0.981804028442584,,
"ITA","Italy","PGDP","Gross domestic product, market prices, deflator","A","Annual","2014","2014","IDX","Index","0","Units","2015","2015",0.990770856011044,,
"ITA","Italy","PGDP","Gross domestic product, market prices, deflator","A","Annual","2015","2015","IDX","Index","0","Units","2015","2015",1.00000006044812,,
"ITA","Italy","PGDP","Gross domestic product, market prices, deflator","A","Annual","2016","2016","IDX","Index","0","Units","2015","2015",1.01134301502989,,
"ITA","Italy","PGDP","Gross domestic product, market prices, deflator","A","Annual","2017","2017","IDX","Index","0","Units","2015","2015",1.0186700209001,,
"ITA","Italy","PGDP","Gross domestic product, market prices, deflator","A","Annual","2018","2018","IDX","Index","0","Units","2015","2015",1.02955031427916,,
"LUX","Luxembourg","PGDP","Gross domestic product, market prices, deflator","A","Annual","1995","1995","IDX","Index","0","Units","2015","2015",0.552312073000708,,
"LUX","Luxembourg","PGDP","Gross domestic product, market prices, deflator","A","Annual","1996","1996","IDX","Index","0","Units","2015","2015",0.573120222832672,,
"LUX","Luxembourg","PGDP","Gross domestic product, market prices, deflator","A","Annual","1997","1997","IDX","Index","0","Units","2015","2015",0.588311455618389,,
"LUX","Luxembourg","PGDP","Gross domestic product, market prices, deflator","A","Annual","1998","1998","IDX","Index","0","Units","2015","2015",0.576386121302489,,
"LUX","Luxembourg","PGDP","Gross domestic product, market prices, deflator","A","Annual","1999","1999","IDX","Index","0","Units","2015","2015",0.603823340936883,,
"LUX","Luxembourg","PGDP","Gross domestic product, market prices, deflator","A","Annual","2000","2000","IDX","Index","0","Units","2015","2015",0.631715060320224,,
"LUX","Luxembourg","PGDP","Gross domestic product, market prices, deflator","A","Annual","2001","2001","IDX","Index","0","Units","2015","2015",0.636721083008824,,
"LUX","Luxembourg","PGDP","Gross domestic product, market prices, deflator","A","Annual","2002","2002","IDX","Index","0","Units","2015","2015",0.645881725993578,,
"LUX","Luxembourg","PGDP","Gross domestic product, market prices, deflator","A","Annual","2003","2003","IDX","Index","0","Units","2015","2015",0.660042483159771,,
"LUX","Luxembourg","PGDP","Gross domestic product, market prices, deflator","A","Annual","2004","2004","IDX","Index","0","Units","2015","2015",0.680297810310023,,
"LUX","Luxembourg","PGDP","Gross domestic product, market prices, deflator","A","Annual","2005","2005","IDX","Index","0","Units","2015","2015",0.713182033626061,,
"LUX","Luxembourg","PGDP","Gross domestic product, market prices, deflator","A","Annual","2006","2006","IDX","Index","0","Units","2015","2015",0.759072527467157,,
"LUX","Luxembourg","PGDP","Gross domestic product, market prices, deflator","A","Annual","2007","2007","IDX","Index","0","Units","2015","2015",0.773598544738374,,
"LUX","Luxembourg","PGDP","Gross domestic product, market prices, deflator","A","Annual","2008","2008","IDX","Index","0","Units","2015","2015",0.824872989271717,,
"LUX","Luxembourg","PGDP","Gross domestic product, market prices, deflator","A","Annual","2009","2009","IDX","Index","0","Units","2015","2015",0.832215723864858,,
"LUX","Luxembourg","PGDP","Gross domestic product, market prices, deflator","A","Annual","2010","2010","IDX","Index","0","Units","2015","2015",0.871006381447198,,
"LUX","Luxembourg","PGDP","Gross domestic product, market prices, deflator","A","Annual","2011","2011","IDX","Index","0","Units","2015","2015",0.901014729404984,,
"LUX","Luxembourg","PGDP","Gross domestic product, market prices, deflator","A","Annual","2012","2012","IDX","Index","0","Units","2015","2015",0.929940455469779,,
"LUX","Luxembourg","PGDP","Gross domestic product, market prices, deflator","A","Annual","2013","2013","IDX","Index","0","Units","2015","2015",0.95130543538609,,
"LUX","Luxembourg","PGDP","Gross domestic product, market prices, deflator","A","Annual","2014","2014","IDX","Index","0","Units","2015","2015",0.977815635466599,,
"LUX","Luxembourg","PGDP","Gross domestic product, market prices, deflator","A","Annual","2015","2015","IDX","Index","0","Units","2015","2015",0.999775012243204,,
"LUX","Luxembourg","PGDP","Gross domestic product, market prices, deflator","A","Annual","2016","2016","IDX","Index","0","Units","2015","2015",0.988198185344983,,
"LUX","Luxembourg","PGDP","Gross domestic product, market prices, deflator","A","Annual","2017","2017","IDX","Index","0","Units","2015","2015",1.0095573295757,,
"LUX","Luxembourg","PGDP","Gross domestic product, market prices, deflator","A","Annual","2018","2018","IDX","Index","0","Units","2015","2015",1.0310179464563,,
"NLD","Netherlands","PGDP","Gross domestic product, market prices, deflator","A","Annual","1995","1995","IDX","Index","0","Units","2015","2015",0.700906956852718,,
"NLD","Netherlands","PGDP","Gross domestic product, market prices, deflator","A","Annual","1996","1996","IDX","Index","0","Units","2015","2015",0.709395076544318,,
"NLD","Netherlands","PGDP","Gross domestic product, market prices, deflator","A","Annual","1997","1997","IDX","Index","0","Units","2015","2015",0.72740648821131,,
"NLD","Netherlands","PGDP","Gross domestic product, market prices, deflator","A","Annual","1998","1998","IDX","Index","0","Units","2015","2015",0.743145691496777,,
"NLD","Netherlands","PGDP","Gross domestic product, market prices, deflator","A","Annual","1999","1999","IDX","Index","0","Units","2015","2015",0.753040914778981,,
"NLD","Netherlands","PGDP","Gross domestic product, market prices, deflator","A","Annual","2000","2000","IDX","Index","0","Units","2015","2015",0.778505660845133,,
"NLD","Netherlands","PGDP","Gross domestic product, market prices, deflator","A","Annual","2001","2001","IDX","Index","0","Units","2015","2015",0.810954681884868,,
"NLD","Netherlands","PGDP","Gross domestic product, market prices, deflator","A","Annual","2002","2002","IDX","Index","0","Units","2015","2015",0.841451335634376,,
"NLD","Netherlands","PGDP","Gross domestic product, market prices, deflator","A","Annual","2003","2003","IDX","Index","0","Units","2015","2015",0.85948289437094,,
"NLD","Netherlands","PGDP","Gross domestic product, market prices, deflator","A","Annual","2004","2004","IDX","Index","0","Units","2015","2015",0.870821864587586,,
"NLD","Netherlands","PGDP","Gross domestic product, market prices, deflator","A","Annual","2005","2005","IDX","Index","0","Units","2015","2015",0.888178058238646,,
"NLD","Netherlands","PGDP","Gross domestic product, market prices, deflator","A","Annual","2006","2006","IDX","Index","0","Units","2015","2015",0.910180927146545,,
"NLD","Netherlands","PGDP","Gross domestic product, market prices, deflator","A","Annual","2007","2007","IDX","Index","0","Units","2015","2015",0.929015707277555,,
"NLD","Netherlands","PGDP","Gross domestic product, market prices, deflator","A","Annual","2008","2008","IDX","Index","0","Units","2015","2015",0.95030715741377,,
"NLD","Netherlands","PGDP","Gross domestic product, market prices, deflator","A","Annual","2009","2009","IDX","Index","0","Units","2015","2015",0.952385960580246,,
"NLD","Netherlands","PGDP","Gross domestic product, market prices, deflator","A","Annual","2010","2010","IDX","Index","0","Units","2015","2015",0.961232728514746,,
"NLD","Netherlands","PGDP","Gross domestic product, market prices, deflator","A","Annual","2011","2011","IDX","Index","0","Units","2015","2015",0.963329915178386,,
"NLD","Netherlands","PGDP","Gross domestic product, market prices, deflator","A","Annual","2012","2012","IDX","Index","0","Units","2015","2015",0.977193200483327,,
"NLD","Netherlands","PGDP","Gross domestic product, market prices, deflator","A","Annual","2013","2013","IDX","Index","0","Units","2015","2015",0.989664551223935,,
"NLD","Netherlands","PGDP","Gross domestic product, market prices, deflator","A","Annual","2014","2014","IDX","Index","0","Units","2015","2015",0.992075276013527,,
"NLD","Netherlands","PGDP","Gross domestic product, market prices, deflator","A","Annual","2015","2015","IDX","Index","0","Units","2015","2015",0.999944936793235,,
"NLD","Netherlands","PGDP","Gross domestic product, market prices, deflator","A","Annual","2016","2016","IDX","Index","0","Units","2015","2015",1.00477232843947,,
"NLD","Netherlands","PGDP","Gross domestic product, market prices, deflator","A","Annual","2017","2017","IDX","Index","0","Units","2015","2015",1.01734732945328,,
"NLD","Netherlands","PGDP","Gross domestic product, market prices, deflator","A","Annual","2018","2018","IDX","Index","0","Units","2015","2015",1.04219128150045,,
"POL","Poland","PGDP","Gross domestic product, market prices, deflator","A","Annual","1995","1995","IDX","Index","0","Units","2015","2015",0.414087075772495,,
"POL","Poland","PGDP","Gross domestic product, market prices, deflator","A","Annual","1996","1996","IDX","Index","0","Units","2015","2015",0.487003295912942,,
"POL","Poland","PGDP","Gross domestic product, market prices, deflator","A","Annual","1997","1997","IDX","Index","0","Units","2015","2015",0.554670019252474,,
"POL","Poland","PGDP","Gross domestic product, market prices, deflator","A","Annual","1998","1998","IDX","Index","0","Units","2015","2015",0.616130075712196,,
"POL","Poland","PGDP","Gross domestic product, market prices, deflator","A","Annual","1999","1999","IDX","Index","0","Units","2015","2015",0.653142974693493,,
"POL","Poland","PGDP","Gross domestic product, market prices, deflator","A","Annual","2000","2000","IDX","Index","0","Units","2015","2015",0.700976851846829,,
"POL","Poland","PGDP","Gross domestic product, market prices, deflator","A","Annual","2001","2001","IDX","Index","0","Units","2015","2015",0.726817819921796,,
"POL","Poland","PGDP","Gross domestic product, market prices, deflator","A","Annual","2002","2002","IDX","Index","0","Units","2015","2015",0.742454782199715,,
"POL","Poland","PGDP","Gross domestic product, market prices, deflator","A","Annual","2003","2003","IDX","Index","0","Units","2015","2015",0.747003754250234,,
"POL","Poland","PGDP","Gross domestic product, market prices, deflator","A","Annual","2004","2004","IDX","Index","0","Units","2015","2015",0.783744943670539,,
"POL","Poland","PGDP","Gross domestic product, market prices, deflator","A","Annual","2005","2005","IDX","Index","0","Units","2015","2015",0.805198408087735,,
"POL","Poland","PGDP","Gross domestic product, market prices, deflator","A","Annual","2006","2006","IDX","Index","0","Units","2015","2015",0.81791154950289,,
"POL","Poland","PGDP","Gross domestic product, market prices, deflator","A","Annual","2007","2007","IDX","Index","0","Units","2015","2015",0.848304479030901,,
"POL","Poland","PGDP","Gross domestic product, market prices, deflator","A","Annual","2008","2008","IDX","Index","0","Units","2015","2015",0.88211494302758,,
"POL","Poland","PGDP","Gross domestic product, market prices, deflator","A","Annual","2009","2009","IDX","Index","0","Units","2015","2015",0.916186126376246,,
"POL","Poland","PGDP","Gross domestic product, market prices, deflator","A","Annual","2010","2010","IDX","Index","0","Units","2015","2015",0.92971418632106,,
"POL","Poland","PGDP","Gross domestic product, market prices, deflator","A","Annual","2011","2011","IDX","Index","0","Units","2015","2015",0.95804525170254,,
"POL","Poland","PGDP","Gross domestic product, market prices, deflator","A","Annual","2012","2012","IDX","Index","0","Units","2015","2015",0.979404637799265,,
"POL","Poland","PGDP","Gross domestic product, market prices, deflator","A","Annual","2013","2013","IDX","Index","0","Units","2015","2015",0.982167324842588,,
"POL","Poland","PGDP","Gross domestic product, market prices, deflator","A","Annual","2014","2014","IDX","Index","0","Units","2015","2015",0.987323079832685,,
"POL","Poland","PGDP","Gross domestic product, market prices, deflator","A","Annual","2015","2015","IDX","Index","0","Units","2015","2015",0.999702640020821,,
"POL","Poland","PGDP","Gross domestic product, market prices, deflator","A","Annual","2016","2016","IDX","Index","0","Units","2015","2015",1.00142711414239,,
"POL","Poland","PGDP","Gross domestic product, market prices, deflator","A","Annual","2017","2017","IDX","Index","0","Units","2015","2015",1.01772341382675,,
"POL","Poland","PGDP","Gross domestic product, market prices, deflator","A","Annual","2018","2018","IDX","Index","0","Units","2015","2015",1.03040815299197,,
"PRT","Portugal","PGDP","Gross domestic product, market prices, deflator","A","Annual","1995","1995","IDX","Index","0","Units","2016","2016",0.613451315330739,,
"PRT","Portugal","PGDP","Gross domestic product, market prices, deflator","A","Annual","1996","1996","IDX","Index","0","Units","2016","2016",0.628118845404551,,
"PRT","Portugal","PGDP","Gross domestic product, market prices, deflator","A","Annual","1997","1997","IDX","Index","0","Units","2016","2016",0.652522569732841,,
"PRT","Portugal","PGDP","Gross domestic product, market prices, deflator","A","Annual","1998","1998","IDX","Index","0","Units","2016","2016",0.677481772491116,,
"PRT","Portugal","PGDP","Gross domestic product, market prices, deflator","A","Annual","1999","1999","IDX","Index","0","Units","2016","2016",0.700316484533689,,
"PRT","Portugal","PGDP","Gross domestic product, market prices, deflator","A","Annual","2000","2000","IDX","Index","0","Units","2016","2016",0.724269191517449,,
"PRT","Portugal","PGDP","Gross domestic product, market prices, deflator","A","Annual","2001","2001","IDX","Index","0","Units","2016","2016",0.751182908990215,,
"PRT","Portugal","PGDP","Gross domestic product, market prices, deflator","A","Annual","2002","2002","IDX","Index","0","Units","2016","2016",0.782655832149672,,
"PRT","Portugal","PGDP","Gross domestic product, market prices, deflator","A","Annual","2003","2003","IDX","Index","0","Units","2016","2016",0.809478650198747,,
"PRT","Portugal","PGDP","Gross domestic product, market prices, deflator","A","Annual","2004","2004","IDX","Index","0","Units","2016","2016",0.828903018022383,,
"PRT","Portugal","PGDP","Gross domestic product, market prices, deflator","A","Annual","2005","2005","IDX","Index","0","Units","2016","2016",0.856529554316999,,
"PRT","Portugal","PGDP","Gross domestic product, market prices, deflator","A","Annual","2006","2006","IDX","Index","0","Units","2016","2016",0.883806106160145,,
"PRT","Portugal","PGDP","Gross domestic product, market prices, deflator","A","Annual","2007","2007","IDX","Index","0","Units","2016","2016",0.910022846015777,,
"PRT","Portugal","PGDP","Gross domestic product, market prices, deflator","A","Annual","2008","2008","IDX","Index","0","Units","2016","2016",0.925836532787234,,
"PRT","Portugal","PGDP","Gross domestic product, market prices, deflator","A","Annual","2009","2009","IDX","Index","0","Units","2016","2016",0.936003477551391,,
"PRT","Portugal","PGDP","Gross domestic product, market prices, deflator","A","Annual","2010","2010","IDX","Index","0","Units","2016","2016",0.942015344267772,,
"PRT","Portugal","PGDP","Gross domestic product, market prices, deflator","A","Annual","2011","2011","IDX","Index","0","Units","2016","2016",0.939517840164459,,
"PRT","Portugal","PGDP","Gross domestic product, market prices, deflator","A","Annual","2012","2012","IDX","Index","0","Units","2016","2016",0.935870668410424,,
"PRT","Portugal","PGDP","Gross domestic product, market prices, deflator","A","Annual","2013","2013","IDX","Index","0","Units","2016","2016",0.956915166353494,,
"PRT","Portugal","PGDP","Gross domestic product, market prices, deflator","A","Annual","2014","2014","IDX","Index","0","Units","2016","2016",0.963657559347524,,
"PRT","Portugal","PGDP","Gross domestic product, market prices, deflator","A","Annual","2015","2015","IDX","Index","0","Units","2016","2016",0.983123096702683,,
"PRT","Portugal","PGDP","Gross domestic product, market prices, deflator","A","Annual","2016","2016","IDX","Index","0","Units","2016","2016",0.999999994637776,,
"PRT","Portugal","PGDP","Gross domestic product, market prices, deflator","A","Annual","2017","2017","IDX","Index","0","Units","2016","2016",1.01511911285605,,
"PRT","Portugal","PGDP","Gross domestic product, market prices, deflator","A","Annual","2018","2018","IDX","Index","0","Units","2016","2016",1.03352318554719,,
"SVK","Slovak Republic","PGDP","Gross domestic product, market prices, deflator","A","Annual","1995","1995","IDX","Index","0","Units","2015","2015",0.54233684135382,,
"SVK","Slovak Republic","PGDP","Gross domestic product, market prices, deflator","A","Annual","1996","1996","IDX","Index","0","Units","2015","2015",0.566950569266351,,
"SVK","Slovak Republic","PGDP","Gross domestic product, market prices, deflator","A","Annual","1997","1997","IDX","Index","0","Units","2015","2015",0.594100518261439,,
"SVK","Slovak Republic","PGDP","Gross domestic product, market prices, deflator","A","Annual","1998","1998","IDX","Index","0","Units","2015","2015",0.622934098635477,,
"SVK","Slovak Republic","PGDP","Gross domestic product, market prices, deflator","A","Annual","1999","1999","IDX","Index","0","Units","2015","2015",0.667879121118428,,
"SVK","Slovak Republic","PGDP","Gross domestic product, market prices, deflator","A","Annual","2000","2000","IDX","Index","0","Units","2015","2015",0.731257729221478,,
"SVK","Slovak Republic","PGDP","Gross domestic product, market prices, deflator","A","Annual","2001","2001","IDX","Index","0","Units","2015","2015",0.768709002559192,,
"SVK","Slovak Republic","PGDP","Gross domestic product, market prices, deflator","A","Annual","2002","2002","IDX","Index","0","Units","2015","2015",0.798979398769046,,
"SVK","Slovak Republic","PGDP","Gross domestic product, market prices, deflator","A","Annual","2003","2003","IDX","Index","0","Units","2015","2015",0.84152731104648,,
"SVK","Slovak Republic","PGDP","Gross domestic product, market prices, deflator","A","Annual","2004","2004","IDX","Index","0","Units","2015","2015",0.889820273850877,,
"SVK","Slovak Republic","PGDP","Gross domestic product, market prices, deflator","A","Annual","2005","2005","IDX","Index","0","Units","2015","2015",0.912449337678211,,
"SVK","Slovak Republic","PGDP","Gross domestic product, market prices, deflator","A","Annual","2006","2006","IDX","Index","0","Units","2015","2015",0.938901919331207,,
"SVK","Slovak Republic","PGDP","Gross domestic product, market prices, deflator","A","Annual","2007","2007","IDX","Index","0","Units","2015","2015",0.949375780223815,,
"SVK","Slovak Republic","PGDP","Gross domestic product, market prices, deflator","A","Annual","2008","2008","IDX","Index","0","Units","2015","2015",0.976509651667098,,
"SVK","Slovak Republic","PGDP","Gross domestic product, market prices, deflator","A","Annual","2009","2009","IDX","Index","0","Units","2015","2015",0.965170203928972,,
"SVK","Slovak Republic","PGDP","Gross domestic product, market prices, deflator","A","Annual","2010","2010","IDX","Index","0","Units","2015","2015",0.970311630188712,,
"SVK","Slovak Republic","PGDP","Gross domestic product, market prices, deflator","A","Annual","2011","2011","IDX","Index","0","Units","2015","2015",0.986582119057488,,
"SVK","Slovak Republic","PGDP","Gross domestic product, market prices, deflator","A","Annual","2012","2012","IDX","Index","0","Units","2015","2015",0.999016680966156,,
"SVK","Slovak Republic","PGDP","Gross domestic product, market prices, deflator","A","Annual","2013","2013","IDX","Index","0","Units","2015","2015",1.00410546333935,,
"SVK","Slovak Republic","PGDP","Gross domestic product, market prices, deflator","A","Annual","2014","2014","IDX","Index","0","Units","2015","2015",1.00216974286113,,
"SVK","Slovak Republic","PGDP","Gross domestic product, market prices, deflator","A","Annual","2015","2015","IDX","Index","0","Units","2015","2015",1,,
"SVK","Slovak Republic","PGDP","Gross domestic product, market prices, deflator","A","Annual","2016","2016","IDX","Index","0","Units","2015","2015",0.994877041428876,,
"SVK","Slovak Republic","PGDP","Gross domestic product, market prices, deflator","A","Annual","2017","2017","IDX","Index","0","Units","2015","2015",1.00697277627832,,
"SVK","Slovak Republic","PGDP","Gross domestic product, market prices, deflator","A","Annual","2018","2018","IDX","Index","0","Units","2015","2015",1.02746253544415,,
"ESP","Spain","PGDP","Gross domestic product, market prices, deflator","A","Annual","1995","1995","IDX","Index","0","Units","2015","2015",0.643165248622102,,
"ESP","Spain","PGDP","Gross domestic product, market prices, deflator","A","Annual","1996","1996","IDX","Index","0","Units","2015","2015",0.665419353083599,,
"ESP","Spain","PGDP","Gross domestic product, market prices, deflator","A","Annual","1997","1997","IDX","Index","0","Units","2015","2015",0.681096537250787,,
"ESP","Spain","PGDP","Gross domestic product, market prices, deflator","A","Annual","1998","1998","IDX","Index","0","Units","2015","2015",0.698577572613404,,
"ESP","Spain","PGDP","Gross domestic product, market prices, deflator","A","Annual","1999","1999","IDX","Index","0","Units","2015","2015",0.716328336744289,,
"ESP","Spain","PGDP","Gross domestic product, market prices, deflator","A","Annual","2000","2000","IDX","Index","0","Units","2015","2015",0.740181203299591,,
"ESP","Spain","PGDP","Gross domestic product, market prices, deflator","A","Annual","2001","2001","IDX","Index","0","Units","2015","2015",0.77058956736625,,
"ESP","Spain","PGDP","Gross domestic product, market prices, deflator","A","Annual","2002","2002","IDX","Index","0","Units","2015","2015",0.80206564390328,,
"ESP","Spain","PGDP","Gross domestic product, market prices, deflator","A","Annual","2003","2003","IDX","Index","0","Units","2015","2015",0.833614922786301,,
"ESP","Spain","PGDP","Gross domestic product, market prices, deflator","A","Annual","2004","2004","IDX","Index","0","Units","2015","2015",0.865978602362244,,
"ESP","Spain","PGDP","Gross domestic product, market prices, deflator","A","Annual","2005","2005","IDX","Index","0","Units","2015","2015",0.901492284855219,,
"ESP","Spain","PGDP","Gross domestic product, market prices, deflator","A","Annual","2006","2006","IDX","Index","0","Units","2015","2015",0.937366525445491,,
"ESP","Spain","PGDP","Gross domestic product, market prices, deflator","A","Annual","2007","2007","IDX","Index","0","Units","2015","2015",0.969391590258306,,
"ESP","Spain","PGDP","Gross domestic product, market prices, deflator","A","Annual","2008","2008","IDX","Index","0","Units","2015","2015",0.991243962971103,,
"ESP","Spain","PGDP","Gross domestic product, market prices, deflator","A","Annual","2009","2009","IDX","Index","0","Units","2015","2015",0.99267001417539,,
"ESP","Spain","PGDP","Gross domestic product, market prices, deflator","A","Annual","2010","2010","IDX","Index","0","Units","2015","2015",0.99419355795413,,
"ESP","Spain","PGDP","Gross domestic product, market prices, deflator","A","Annual","2011","2011","IDX","Index","0","Units","2015","2015",0.993996381944106,,
"ESP","Spain","PGDP","Gross domestic product, market prices, deflator","A","Annual","2012","2012","IDX","Index","0","Units","2015","2015",0.992858112642884,,
"ESP","Spain","PGDP","Gross domestic product, market prices, deflator","A","Annual","2013","2013","IDX","Index","0","Units","2015","2015",0.996806475335149,,
"ESP","Spain","PGDP","Gross domestic product, market prices, deflator","A","Annual","2014","2014","IDX","Index","0","Units","2015","2015",0.994577351243164,,
"ESP","Spain","PGDP","Gross domestic product, market prices, deflator","A","Annual","2015","2015","IDX","Index","0","Units","2015","2015",1,,
"ESP","Spain","PGDP","Gross domestic product, market prices, deflator","A","Annual","2016","2016","IDX","Index","0","Units","2015","2015",1.00322098012139,,
"ESP","Spain","PGDP","Gross domestic product, market prices, deflator","A","Annual","2017","2017","IDX","Index","0","Units","2015","2015",1.01625583422284,,
"ESP","Spain","PGDP","Gross domestic product, market prices, deflator","A","Annual","2018","2018","IDX","Index","0","Units","2015","2015",1.0289129338564,,
"SWE","Sweden","PGDP","Gross domestic product, market prices, deflator","A","Annual","1995","1995","IDX","Index","0","Units","2022","2022",0.614048758623177,,
"SWE","Sweden","PGDP","Gross domestic product, market prices, deflator","A","Annual","1996","1996","IDX","Index","0","Units","2022","2022",0.620358994839806,,
"SWE","Sweden","PGDP","Gross domestic product, market prices, deflator","A","Annual","1997","1997","IDX","Index","0","Units","2022","2022",0.629239989759376,,
"SWE","Sweden","PGDP","Gross domestic product, market prices, deflator","A","Annual","1998","1998","IDX","Index","0","Units","2022","2022",0.634467667142312,,
"SWE","Sweden","PGDP","Gross domestic product, market prices, deflator","A","Annual","1999","1999","IDX","Index","0","Units","2022","2022",0.640548891507818,,
"SWE","Sweden","PGDP","Gross domestic product, market prices, deflator","A","Annual","2000","2000","IDX","Index","0","Units","2022","2022",0.649951367065842,,
"SWE","Sweden","PGDP","Gross domestic product, market prices, deflator","A","Annual","2001","2001","IDX","Index","0","Units","2022","2022",0.665851505501607,,
"SWE","Sweden","PGDP","Gross domestic product, market prices, deflator","A","Annual","2002","2002","IDX","Index","0","Units","2022","2022",0.67606411822109,,
"SWE","Sweden","PGDP","Gross domestic product, market prices, deflator","A","Annual","2003","2003","IDX","Index","0","Units","2022","2022",0.687459902222331,,
"SWE","Sweden","PGDP","Gross domestic product, market prices, deflator","A","Annual","2004","2004","IDX","Index","0","Units","2022","2022",0.690591950829359,,
"SWE","Sweden","PGDP","Gross domestic product, market prices, deflator","A","Annual","2005","2005","IDX","Index","0","Units","2022","2022",0.695263516772273,,
"SWE","Sweden","PGDP","Gross domestic product, market prices, deflator","A","Annual","2006","2006","IDX","Index","0","Units","2022","2022",0.707128719957997,,
"SWE","Sweden","PGDP","Gross domestic product, market prices, deflator","A","Annual","2007","2007","IDX","Index","0","Units","2022","2022",0.726849247352281,,
"SWE","Sweden","PGDP","Gross domestic product, market prices, deflator","A","Annual","2008","2008","IDX","Index","0","Units","2022","2022",0.750554898533783,,
"SWE","Sweden","PGDP","Gross domestic product, market prices, deflator","A","Annual","2009","2009","IDX","Index","0","Units","2022","2022",0.768142325101438,,
"SWE","Sweden","PGDP","Gross domestic product, market prices, deflator","A","Annual","2010","2010","IDX","Index","0","Units","2022","2022",0.775871738937075,,
"SWE","Sweden","PGDP","Gross domestic product, market prices, deflator","A","Annual","2011","2011","IDX","Index","0","Units","2022","2022",0.784257474684567,,
"SWE","Sweden","PGDP","Gross domestic product, market prices, deflator","A","Annual","2012","2012","IDX","Index","0","Units","2022","2022",0.791601609035745,,
"SWE","Sweden","PGDP","Gross domestic product, market prices, deflator","A","Annual","2013","2013","IDX","Index","0","Units","2022","2022",0.799074712139627,,
"SWE","Sweden","PGDP","Gross domestic product, market prices, deflator","A","Annual","2014","2014","IDX","Index","0","Units","2022","2022",0.812749993344687,,
"SWE","Sweden","PGDP","Gross domestic product, market prices, deflator","A","Annual","2015","2015","IDX","Index","0","Units","2022","2022",0.83038212459348,,
"SWE","Sweden","PGDP","Gross domestic product, market prices, deflator","A","Annual","2016","2016","IDX","Index","0","Units","2022","2022",0.843473246053847,,
"SWE","Sweden","PGDP","Gross domestic product, market prices, deflator","A","Annual","2017","2017","IDX","Index","0","Units","2022","2022",0.860967377569773,,
"SWE","Sweden","PGDP","Gross domestic product, market prices, deflator","A","Annual","2018","2018","IDX","Index","0","Units","2022","2022",0.88145581006711,,
"EST","Estonia","PGDP","Gross domestic product, market prices, deflator","A","Annual","1995","1995","IDX","Index","0","Units","2015","2015",0.309188675295055,,
"EST","Estonia","PGDP","Gross domestic product, market prices, deflator","A","Annual","1996","1996","IDX","Index","0","Units","2015","2015",0.379084967455094,,
"EST","Estonia","PGDP","Gross domestic product, market prices, deflator","A","Annual","1997","1997","IDX","Index","0","Units","2015","2015",0.416785550082533,,
"EST","Estonia","PGDP","Gross domestic product, market prices, deflator","A","Annual","1998","1998","IDX","Index","0","Units","2015","2015",0.445129777897428,,
"EST","Estonia","PGDP","Gross domestic product, market prices, deflator","A","Annual","1999","1999","IDX","Index","0","Units","2015","2015",0.473960884366073,,
"EST","Estonia","PGDP","Gross domestic product, market prices, deflator","A","Annual","2000","2000","IDX","Index","0","Units","2015","2015",0.492330594024167,,
"EST","Estonia","PGDP","Gross domestic product, market prices, deflator","A","Annual","2001","2001","IDX","Index","0","Units","2015","2015",0.526037460350092,,
"EST","Estonia","PGDP","Gross domestic product, market prices, deflator","A","Annual","2002","2002","IDX","Index","0","Units","2015","2015",0.551435020188139,,
"EST","Estonia","PGDP","Gross domestic product, market prices, deflator","A","Annual","2003","2003","IDX","Index","0","Units","2015","2015",0.5719496432969,,
"EST","Estonia","PGDP","Gross domestic product, market prices, deflator","A","Annual","2004","2004","IDX","Index","0","Units","2015","2015",0.599878197839547,,
"EST","Estonia","PGDP","Gross domestic product, market prices, deflator","A","Annual","2005","2005","IDX","Index","0","Units","2015","2015",0.635676388704566,,
"EST","Estonia","PGDP","Gross domestic product, market prices, deflator","A","Annual","2006","2006","IDX","Index","0","Units","2015","2015",0.691815338682616,,
"EST","Estonia","PGDP","Gross domestic product, market prices, deflator","A","Annual","2007","2007","IDX","Index","0","Units","2015","2015",0.77973613343463,,
"EST","Estonia","PGDP","Gross domestic product, market prices, deflator","A","Annual","2008","2008","IDX","Index","0","Units","2015","2015",0.82909125123223,,
"EST","Estonia","PGDP","Gross domestic product, market prices, deflator","A","Annual","2009","2009","IDX","Index","0","Units","2015","2015",0.823826742441846,,
"EST","Estonia","PGDP","Gross domestic product, market prices, deflator","A","Annual","2010","2010","IDX","Index","0","Units","2015","2015",0.840576003689998,,
"EST","Estonia","PGDP","Gross domestic product, market prices, deflator","A","Annual","2011","2011","IDX","Index","0","Units","2015","2015",0.888209502321371,,
"EST","Estonia","PGDP","Gross domestic product, market prices, deflator","A","Annual","2012","2012","IDX","Index","0","Units","2015","2015",0.923887191626065,,
"EST","Estonia","PGDP","Gross domestic product, market prices, deflator","A","Annual","2013","2013","IDX","Index","0","Units","2015","2015",0.962022651637131,,
"EST","Estonia","PGDP","Gross domestic product, market prices, deflator","A","Annual","2014","2014","IDX","Index","0","Units","2015","2015",0.991598069929957,,
"EST","Estonia","PGDP","Gross domestic product, market prices, deflator","A","Annual","2015","2015","IDX","Index","0","Units","2015","2015",0.997768527198972,,
"EST","Estonia","PGDP","Gross domestic product, market prices, deflator","A","Annual","2016","2016","IDX","Index","0","Units","2015","2015",1.0203808879877,,
"EST","Estonia","PGDP","Gross domestic product, market prices, deflator","A","Annual","2017","2017","IDX","Index","0","Units","2015","2015",1.05926291193723,,
"EST","Estonia","PGDP","Gross domestic product, market prices, deflator","A","Annual","2018","2018","IDX","Index","0","Units","2015","2015",1.10929013248122,,
"SVN","Slovenia","PGDP","Gross domestic product, market prices, deflator","A","Annual","1995","1995","IDX","Index","0","Units","2010","2010",0.464213744219709,,
"SVN","Slovenia","PGDP","Gross domestic product, market prices, deflator","A","Annual","1996","1996","IDX","Index","0","Units","2010","2010",0.517377651617302,,
"SVN","Slovenia","PGDP","Gross domestic product, market prices, deflator","A","Annual","1997","1997","IDX","Index","0","Units","2010","2010",0.560996883546762,,
"SVN","Slovenia","PGDP","Gross domestic product, market prices, deflator","A","Annual","1998","1998","IDX","Index","0","Units","2010","2010",0.602667898515011,,
"SVN","Slovenia","PGDP","Gross domestic product, market prices, deflator","A","Annual","1999","1999","IDX","Index","0","Units","2010","2010",0.642030645105558,,
"SVN","Slovenia","PGDP","Gross domestic product, market prices, deflator","A","Annual","2000","2000","IDX","Index","0","Units","2010","2010",0.677761403700765,,
"SVN","Slovenia","PGDP","Gross domestic product, market prices, deflator","A","Annual","2001","2001","IDX","Index","0","Units","2010","2010",0.736558670070325,,
"SVN","Slovenia","PGDP","Gross domestic product, market prices, deflator","A","Annual","2002","2002","IDX","Index","0","Units","2010","2010",0.792402233316746,,
"SVN","Slovenia","PGDP","Gross domestic product, market prices, deflator","A","Annual","2003","2003","IDX","Index","0","Units","2010","2010",0.837097288740881,,
"SVN","Slovenia","PGDP","Gross domestic product, market prices, deflator","A","Annual","2004","2004","IDX","Index","0","Units","2010","2010",0.865231657690725,,
"SVN","Slovenia","PGDP","Gross domestic product, market prices, deflator","A","Annual","2005","2005","IDX","Index","0","Units","2010","2010",0.878388182978292,,
"SVN","Slovenia","PGDP","Gross domestic product, market prices, deflator","A","Annual","2006","2006","IDX","Index","0","Units","2010","2010",0.89789796844891,,
"SVN","Slovenia","PGDP","Gross domestic product, market prices, deflator","A","Annual","2007","2007","IDX","Index","0","Units","2010","2010",0.935407511206811,,
"SVN","Slovenia","PGDP","Gross domestic product, market prices, deflator","A","Annual","2008","2008","IDX","Index","0","Units","2010","2010",0.97717922409312,,
"SVN","Slovenia","PGDP","Gross domestic product, market prices, deflator","A","Annual","2009","2009","IDX","Index","0","Units","2010","2010",1.01040022055066,,
"SVN","Slovenia","PGDP","Gross domestic product, market prices, deflator","A","Annual","2010","2010","IDX","Index","0","Units","2010","2010",1.0000000000275,,
"SVN","Slovenia","PGDP","Gross domestic product, market prices, deflator","A","Annual","2011","2011","IDX","Index","0","Units","2010","2010",1.01040013693617,,
"SVN","Slovenia","PGDP","Gross domestic product, market prices, deflator","A","Annual","2012","2012","IDX","Index","0","Units","2010","2010",1.01524038876704,,
"SVN","Slovenia","PGDP","Gross domestic product, market prices, deflator","A","Annual","2013","2013","IDX","Index","0","Units","2010","2010",1.0314878516049,,
"SVN","Slovenia","PGDP","Gross domestic product, market prices, deflator","A","Annual","2014","2014","IDX","Index","0","Units","2010","2010",1.03619177897214,,
"SVN","Slovenia","PGDP","Gross domestic product, market prices, deflator","A","Annual","2015","2015","IDX","Index","0","Units","2010","2010",1.04660594846527,,
"SVN","Slovenia","PGDP","Gross domestic product, market prices, deflator","A","Annual","2016","2016","IDX","Index","0","Units","2010","2010",1.05575448224467,,
"SVN","Slovenia","PGDP","Gross domestic product, market prices, deflator","A","Annual","2017","2017","IDX","Index","0","Units","2010","2010",1.07121142923896,,
"SVN","Slovenia","PGDP","Gross domestic product, market prices, deflator","A","Annual","2018","2018","IDX","Index","0","Units","2010","2010",1.09384173733447,,
"LVA","Latvia","PGDP","Gross domestic product, market prices, deflator","A","Annual","1995","1995","IDX","Index","0","Units","2015","2015",0.364678538086213,,
"LVA","Latvia","PGDP","Gross domestic product, market prices, deflator","A","Annual","1996","1996","IDX","Index","0","Units","2015","2015",0.410023703621712,,
"LVA","Latvia","PGDP","Gross domestic product, market prices, deflator","A","Annual","1997","1997","IDX","Index","0","Units","2015","2015",0.43416324522057,,
"LVA","Latvia","PGDP","Gross domestic product, market prices, deflator","A","Annual","1998","1998","IDX","Index","0","Units","2015","2015",0.455106519950774,,
"LVA","Latvia","PGDP","Gross domestic product, market prices, deflator","A","Annual","1999","1999","IDX","Index","0","Units","2015","2015",0.461895984759558,,
"LVA","Latvia","PGDP","Gross domestic product, market prices, deflator","A","Annual","2000","2000","IDX","Index","0","Units","2015","2015",0.478608466417364,,
"LVA","Latvia","PGDP","Gross domestic product, market prices, deflator","A","Annual","2001","2001","IDX","Index","0","Units","2015","2015",0.489628365775698,,
"LVA","Latvia","PGDP","Gross domestic product, market prices, deflator","A","Annual","2002","2002","IDX","Index","0","Units","2015","2015",0.514466020492925,,
"LVA","Latvia","PGDP","Gross domestic product, market prices, deflator","A","Annual","2003","2003","IDX","Index","0","Units","2015","2015",0.540282480374683,,
"LVA","Latvia","PGDP","Gross domestic product, market prices, deflator","A","Annual","2004","2004","IDX","Index","0","Units","2015","2015",0.578438885991787,,
"LVA","Latvia","PGDP","Gross domestic product, market prices, deflator","A","Annual","2005","2005","IDX","Index","0","Units","2015","2015",0.643218319416368,,
"LVA","Latvia","PGDP","Gross domestic product, market prices, deflator","A","Annual","2006","2006","IDX","Index","0","Units","2015","2015",0.723193255121854,,
"LVA","Latvia","PGDP","Gross domestic product, market prices, deflator","A","Annual","2007","2007","IDX","Index","0","Units","2015","2015",0.868285126475716,,
"LVA","Latvia","PGDP","Gross domestic product, market prices, deflator","A","Annual","2008","2008","IDX","Index","0","Units","2015","2015",0.969546604028534,,
"LVA","Latvia","PGDP","Gross domestic product, market prices, deflator","A","Annual","2009","2009","IDX","Index","0","Units","2015","2015",0.87594970778098,,
"LVA","Latvia","PGDP","Gross domestic product, market prices, deflator","A","Annual","2010","2010","IDX","Index","0","Units","2015","2015",0.872790631792899,,
"LVA","Latvia","PGDP","Gross domestic product, market prices, deflator","A","Annual","2011","2011","IDX","Index","0","Units","2015","2015",0.929726607171334,,
"LVA","Latvia","PGDP","Gross domestic product, market prices, deflator","A","Annual","2012","2012","IDX","Index","0","Units","2015","2015",0.963512913459492,,
"LVA","Latvia","PGDP","Gross domestic product, market prices, deflator","A","Annual","2013","2013","IDX","Index","0","Units","2015","2015",0.980070022695964,,
"LVA","Latvia","PGDP","Gross domestic product, market prices, deflator","A","Annual","2014","2014","IDX","Index","0","Units","2015","2015",0.99884421264999,,
"LVA","Latvia","PGDP","Gross domestic product, market prices, deflator","A","Annual","2015","2015","IDX","Index","0","Units","2015","2015",1.00000004069652,,
"LVA","Latvia","PGDP","Gross domestic product, market prices, deflator","A","Annual","2016","2016","IDX","Index","0","Units","2015","2015",1.00863388484745,,
"LVA","Latvia","PGDP","Gross domestic product, market prices, deflator","A","Annual","2017","2017","IDX","Index","0","Units","2015","2015",1.03836713609853,,
"LVA","Latvia","PGDP","Gross domestic product, market prices, deflator","A","Annual","2018","2018","IDX","Index","0","Units","2015","2015",1.07877257541865,,
"LTU","Lithuania","PGDP","Gross domestic product, market prices, deflator","A","Annual","1995","1995","IDX","Index","0","Units","2015","2015",0.48069573383435,,
"LTU","Lithuania","PGDP","Gross domestic product, market prices, deflator","A","Annual","1996","1996","IDX","Index","0","Units","2015","2015",0.571982380616848,,
"LTU","Lithuania","PGDP","Gross domestic product, market prices, deflator","A","Annual","1997","1997","IDX","Index","0","Units","2015","2015",0.637466831655201,,
"LTU","Lithuania","PGDP","Gross domestic product, market prices, deflator","A","Annual","1998","1998","IDX","Index","0","Units","2015","2015",0.658831099272846,,
"LTU","Lithuania","PGDP","Gross domestic product, market prices, deflator","A","Annual","1999","1999","IDX","Index","0","Units","2015","2015",0.65055034381996,,
"LTU","Lithuania","PGDP","Gross domestic product, market prices, deflator","A","Annual","2000","2000","IDX","Index","0","Units","2015","2015",0.658997988280667,,
"LTU","Lithuania","PGDP","Gross domestic product, market prices, deflator","A","Annual","2001","2001","IDX","Index","0","Units","2015","2015",0.656877283180903,,
"LTU","Lithuania","PGDP","Gross domestic product, market prices, deflator","A","Annual","2002","2002","IDX","Index","0","Units","2015","2015",0.658970443068972,,
"LTU","Lithuania","PGDP","Gross domestic product, market prices, deflator","A","Annual","2003","2003","IDX","Index","0","Units","2015","2015",0.653609773217558,,
"LTU","Lithuania","PGDP","Gross domestic product, market prices, deflator","A","Annual","2004","2004","IDX","Index","0","Units","2015","2015",0.671138220048962,,
"LTU","Lithuania","PGDP","Gross domestic product, market prices, deflator","A","Annual","2005","2005","IDX","Index","0","Units","2015","2015",0.717346817752462,,
"LTU","Lithuania","PGDP","Gross domestic product, market prices, deflator","A","Annual","2006","2006","IDX","Index","0","Units","2015","2015",0.765664347308054,,
"LTU","Lithuania","PGDP","Gross domestic product, market prices, deflator","A","Annual","2007","2007","IDX","Index","0","Units","2015","2015",0.831163749574937,,
"LTU","Lithuania","PGDP","Gross domestic product, market prices, deflator","A","Annual","2008","2008","IDX","Index","0","Units","2015","2015",0.911862321957552,,
"LTU","Lithuania","PGDP","Gross domestic product, market prices, deflator","A","Annual","2009","2009","IDX","Index","0","Units","2015","2015",0.881807007882996,,
"LTU","Lithuania","PGDP","Gross domestic product, market prices, deflator","A","Annual","2010","2010","IDX","Index","0","Units","2015","2015",0.904147472361092,,
"LTU","Lithuania","PGDP","Gross domestic product, market prices, deflator","A","Annual","2011","2011","IDX","Index","0","Units","2015","2015",0.952518908749963,,
"LTU","Lithuania","PGDP","Gross domestic product, market prices, deflator","A","Annual","2012","2012","IDX","Index","0","Units","2015","2015",0.978563173167844,,
"LTU","Lithuania","PGDP","Gross domestic product, market prices, deflator","A","Annual","2013","2013","IDX","Index","0","Units","2015","2015",0.991101832022324,,
"LTU","Lithuania","PGDP","Gross domestic product, market prices, deflator","A","Annual","2014","2014","IDX","Index","0","Units","2015","2015",0.999363561401652,,
"LTU","Lithuania","PGDP","Gross domestic product, market prices, deflator","A","Annual","2015","2015","IDX","Index","0","Units","2015","2015",1.00000000002678,,
"LTU","Lithuania","PGDP","Gross domestic product, market prices, deflator","A","Annual","2016","2016","IDX","Index","0","Units","2015","2015",1.01576254749519,,
"LTU","Lithuania","PGDP","Gross domestic product, market prices, deflator","A","Annual","2017","2017","IDX","Index","0","Units","2015","2015",1.05886572059842,,
"LTU","Lithuania","PGDP","Gross domestic product, market prices, deflator","A","Annual","2018","2018","IDX","Index","0","Units","2015","2015",1.09621375274863,,
"BGR","Bulgaria","PGDP","Gross domestic product, market prices, deflator","A","Annual","1995","1995","IDX","Index","0","Units","2015","2015",0.0213855603462727,,
"BGR","Bulgaria","PGDP","Gross domestic product, market prices, deflator","A","Annual","1996","1996","IDX","Index","0","Units","2015","2015",0.0348499623949928,,
"BGR","Bulgaria","PGDP","Gross domestic product, market prices, deflator","A","Annual","1997","1997","IDX","Index","0","Units","2015","2015",0.353111647504318,,
"BGR","Bulgaria","PGDP","Gross domestic product, market prices, deflator","A","Annual","1998","1998","IDX","Index","0","Units","2015","2015",0.472994955435509,,
"BGR","Bulgaria","PGDP","Gross domestic product, market prices, deflator","A","Annual","1999","1999","IDX","Index","0","Units","2015","2015",0.488694396471817,,
"BGR","Bulgaria","PGDP","Gross domestic product, market prices, deflator","A","Annual","2000","2000","IDX","Index","0","Units","2015","2015",0.524765277487537,,
"BGR","Bulgaria","PGDP","Gross domestic product, market prices, deflator","A","Annual","2001","2001","IDX","Index","0","Units","2015","2015",0.556869052646713,,
"BGR","Bulgaria","PGDP","Gross domestic product, market prices, deflator","A","Annual","2002","2002","IDX","Index","0","Units","2015","2015",0.578299121230176,,
"BGR","Bulgaria","PGDP","Gross domestic product, market prices, deflator","A","Annual","2003","2003","IDX","Index","0","Units","2015","2015",0.590959606305436,,
"BGR","Bulgaria","PGDP","Gross domestic product, market prices, deflator","A","Annual","2004","2004","IDX","Index","0","Units","2015","2015",0.623945421642045,,
"BGR","Bulgaria","PGDP","Gross domestic product, market prices, deflator","A","Annual","2005","2005","IDX","Index","0","Units","2015","2015",0.665088954933367,,
"BGR","Bulgaria","PGDP","Gross domestic product, market prices, deflator","A","Annual","2006","2006","IDX","Index","0","Units","2015","2015",0.710025284064947,,
"BGR","Bulgaria","PGDP","Gross domestic product, market prices, deflator","A","Annual","2007","2007","IDX","Index","0","Units","2015","2015",0.788493945456329,,
"BGR","Bulgaria","PGDP","Gross domestic product, market prices, deflator","A","Annual","2008","2008","IDX","Index","0","Units","2015","2015",0.852388541366827,,
"BGR","Bulgaria","PGDP","Gross domestic product, market prices, deflator","A","Annual","2009","2009","IDX","Index","0","Units","2015","2015",0.885957414868478,,
"BGR","Bulgaria","PGDP","Gross domestic product, market prices, deflator","A","Annual","2010","2010","IDX","Index","0","Units","2015","2015",0.892727528518561,,
"BGR","Bulgaria","PGDP","Gross domestic product, market prices, deflator","A","Annual","2011","2011","IDX","Index","0","Units","2015","2015",0.947298850037834,,
"BGR","Bulgaria","PGDP","Gross domestic product, market prices, deflator","A","Annual","2012","2012","IDX","Index","0","Units","2015","2015",0.957834641608361,,
"BGR","Bulgaria","PGDP","Gross domestic product, market prices, deflator","A","Annual","2013","2013","IDX","Index","0","Units","2015","2015",0.958523551727554,,
"BGR","Bulgaria","PGDP","Gross domestic product, market prices, deflator","A","Annual","2014","2014","IDX","Index","0","Units","2015","2015",0.971375966755166,,
"BGR","Bulgaria","PGDP","Gross domestic product, market prices, deflator","A","Annual","2015","2015","IDX","Index","0","Units","2015","2015",1,,
"BGR","Bulgaria","PGDP","Gross domestic product, market prices, deflator","A","Annual","2016","2016","IDX","Index","0","Units","2015","2015",1.03322126351499,,
"BGR","Bulgaria","PGDP","Gross domestic product, market prices, deflator","A","Annual","2017","2017","IDX","Index","0","Units","2015","2015",1.08292085469509,,
"BGR","Bulgaria","PGDP","Gross domestic product, market prices, deflator","A","Annual","2018","2018","IDX","Index","0","Units","2015","2015",1.12875805655266,,
"ROU","Romania","PGDP","Gross domestic product, market prices, deflator","A","Annual","1995","1995","IDX","Index","0","Units","2010","2010",0.0210641278782373,,
"ROU","Romania","PGDP","Gross domestic product, market prices, deflator","A","Annual","1996","1996","IDX","Index","0","Units","2010","2010",0.0303328228008257,,
"ROU","Romania","PGDP","Gross domestic product, market prices, deflator","A","Annual","1997","1997","IDX","Index","0","Units","2010","2010",0.0713848009197686,,
"ROU","Romania","PGDP","Gross domestic product, market prices, deflator","A","Annual","1998","1998","IDX","Index","0","Units","2010","2010",0.105745500679345,,
"ROU","Romania","PGDP","Gross domestic product, market prices, deflator","A","Annual","1999","1999","IDX","Index","0","Units","2010","2010",0.158113323573818,,
"ROU","Romania","PGDP","Gross domestic product, market prices, deflator","A","Annual","2000","2000","IDX","Index","0","Units","2010","2010",0.226387920020692,,
"ROU","Romania","PGDP","Gross domestic product, market prices, deflator","A","Annual","2001","2001","IDX","Index","0","Units","2010","2010",0.312316327784834,,
"ROU","Romania","PGDP","Gross domestic product, market prices, deflator","A","Annual","2002","2002","IDX","Index","0","Units","2010","2010",0.383256726369927,,
"ROU","Romania","PGDP","Gross domestic product, market prices, deflator","A","Annual","2003","2003","IDX","Index","0","Units","2010","2010",0.471993133486305,,
"ROU","Romania","PGDP","Gross domestic product, market prices, deflator","A","Annual","2004","2004","IDX","Index","0","Units","2010","2010",0.544947149625323,,
"ROU","Romania","PGDP","Gross domestic product, market prices, deflator","A","Annual","2005","2005","IDX","Index","0","Units","2010","2010",0.610379012939882,,
"ROU","Romania","PGDP","Gross domestic product, market prices, deflator","A","Annual","2006","2006","IDX","Index","0","Units","2010","2010",0.675119315935756,,
"ROU","Romania","PGDP","Gross domestic product, market prices, deflator","A","Annual","2007","2007","IDX","Index","0","Units","2010","2010",0.78189761721041,,
"ROU","Romania","PGDP","Gross domestic product, market prices, deflator","A","Annual","2008","2008","IDX","Index","0","Units","2010","2010",0.907122979541638,,
"ROU","Romania","PGDP","Gross domestic product, market prices, deflator","A","Annual","2009","2009","IDX","Index","0","Units","2010","2010",0.944195316215396,,
"ROU","Romania","PGDP","Gross domestic product, market prices, deflator","A","Annual","2010","2010","IDX","Index","0","Units","2010","2010",1,,
"ROU","Romania","PGDP","Gross domestic product, market prices, deflator","A","Annual","2011","2011","IDX","Index","0","Units","2010","2010",1.03976936090312,,
"ROU","Romania","PGDP","Gross domestic product, market prices, deflator","A","Annual","2012","2012","IDX","Index","0","Units","2010","2010",1.07931272129588,,
"ROU","Romania","PGDP","Gross domestic product, market prices, deflator","A","Annual","2013","2013","IDX","Index","0","Units","2010","2010",1.09431189131779,,
"ROU","Romania","PGDP","Gross domestic product, market prices, deflator","A","Annual","2014","2014","IDX","Index","0","Units","2010","2010",1.11302762515887,,
"ROU","Romania","PGDP","Gross domestic product, market prices, deflator","A","Annual","2015","2015","IDX","Index","0","Units","2010","2010",1.14936527464601,,
"ROU","Romania","PGDP","Gross domestic product, market prices, deflator","A","Annual","2016","2016","IDX","Index","0","Units","2010","2010",1.17949329157235,,
"ROU","Romania","PGDP","Gross domestic product, market prices, deflator","A","Annual","2017","2017","IDX","Index","0","Units","2010","2010",1.234362935762,,
"ROU","Romania","PGDP","Gross domestic product, market prices, deflator","A","Annual","2018","2018","IDX","Index","0","Units","2010","2010",1.31104492644995,,
"HRV","Croatia","PGDP","Gross domestic product, market prices, deflator","A","Annual","1995","1995","IDX","Index","0","Units","2015","2015",0.516850784613818,,
"HRV","Croatia","PGDP","Gross domestic product, market prices, deflator","A","Annual","1996","1996","IDX","Index","0","Units","2015","2015",0.536795007497786,,
"HRV","Croatia","PGDP","Gross domestic product, market prices, deflator","A","Annual","1997","1997","IDX","Index","0","Units","2015","2015",0.573732973898888,,
"HRV","Croatia","PGDP","Gross domestic product, market prices, deflator","A","Annual","1998","1998","IDX","Index","0","Units","2015","2015",0.620626541588593,,
"HRV","Croatia","PGDP","Gross domestic product, market prices, deflator","A","Annual","1999","1999","IDX","Index","0","Units","2015","2015",0.642330356960212,,
"HRV","Croatia","PGDP","Gross domestic product, market prices, deflator","A","Annual","2000","2000","IDX","Index","0","Units","2015","2015",0.670186164170272,,
"HRV","Croatia","PGDP","Gross domestic product, market prices, deflator","A","Annual","2001","2001","IDX","Index","0","Units","2015","2015",0.698572262776358,,
"HRV","Croatia","PGDP","Gross domestic product, market prices, deflator","A","Annual","2002","2002","IDX","Index","0","Units","2015","2015",0.725410586926097,,
"HRV","Croatia","PGDP","Gross domestic product, market prices, deflator","A","Annual","2003","2003","IDX","Index","0","Units","2015","2015",0.756636657579753,,
"HRV","Croatia","PGDP","Gross domestic product, market prices, deflator","A","Annual","2004","2004","IDX","Index","0","Units","2015","2015",0.784081702246266,,
"HRV","Croatia","PGDP","Gross domestic product, market prices, deflator","A","Annual","2005","2005","IDX","Index","0","Units","2015","2015",0.808503585795731,,
"HRV","Croatia","PGDP","Gross domestic product, market prices, deflator","A","Annual","2006","2006","IDX","Index","0","Units","2015","2015",0.839975987103284,,
"HRV","Croatia","PGDP","Gross domestic product, market prices, deflator","A","Annual","2007","2007","IDX","Index","0","Units","2015","2015",0.875890666976579,,
"HRV","Croatia","PGDP","Gross domestic product, market prices, deflator","A","Annual","2008","2008","IDX","Index","0","Units","2015","2015",0.924141742727658,,
"HRV","Croatia","PGDP","Gross domestic product, market prices, deflator","A","Annual","2009","2009","IDX","Index","0","Units","2015","2015",0.951672114996053,,
"HRV","Croatia","PGDP","Gross domestic product, market prices, deflator","A","Annual","2010","2010","IDX","Index","0","Units","2015","2015",0.960505912719717,,
"HRV","Croatia","PGDP","Gross domestic product, market prices, deflator","A","Annual","2011","2011","IDX","Index","0","Units","2015","2015",0.976525861159234,,
"HRV","Croatia","PGDP","Gross domestic product, market prices, deflator","A","Annual","2012","2012","IDX","Index","0","Units","2015","2015",0.990342783473069,,
"HRV","Croatia","PGDP","Gross domestic product, market prices, deflator","A","Annual","2013","2013","IDX","Index","0","Units","2015","2015",0.997685613910616,,
"HRV","Croatia","PGDP","Gross domestic product, market prices, deflator","A","Annual","2014","2014","IDX","Index","0","Units","2015","2015",0.999190534208274,,
"HRV","Croatia","PGDP","Gross domestic product, market prices, deflator","A","Annual","2015","2015","IDX","Index","0","Units","2015","2015",1.00000000043732,,
"HRV","Croatia","PGDP","Gross domestic product, market prices, deflator","A","Annual","2016","2016","IDX","Index","0","Units","2015","2015",0.999360270920146,,
"HRV","Croatia","PGDP","Gross domestic product, market prices, deflator","A","Annual","2017","2017","IDX","Index","0","Units","2015","2015",1.01099453570094,,
"HRV","Croatia","PGDP","Gross domestic product, market prices, deflator","A","Annual","2018","2018","IDX","Index","0","Units","2015","2015",1.03145200515533,,
